State Name,Crop,Year,Area_ha,n_districts,Yield_kg_per_ha,lag_yield,temp_mean,rain_sum,is_drought
Andhra Pradesh,chickpea,1967,21600.0,9,287.034537037037,318.7486875,27.63671232876712,973.6,False
Andhra Pradesh,chickpea,1968,23400.0,9,294.8708547008547,287.034537037037,27.78715846994536,926.1,False
Andhra Pradesh,chickpea,1969,21400.0,8,289.7221028037383,294.8708547008547,27.46191780821918,1234.5,False
Andhra Pradesh,chickpea,1970,16000.0,9,443.74925,289.7221028037383,27.496986301369866,790.6,False
Andhra Pradesh,chickpea,1971,13000.0,8,430.76946153846154,443.74925,27.80794520547945,636.9,False
Andhra Pradesh,chickpea,1972,13700.0,6,255.47408759124087,430.76946153846154,28.335519125683057,523.1,True
Andhra Pradesh,chickpea,1973,11400.0,7,403.50973684210527,255.47408759124087,28.16794520547945,560.5,True
Andhra Pradesh,chickpea,1974,16900.0,8,420.11692307692306,403.50973684210527,27.60383561643836,585.6,True
Andhra Pradesh,chickpea,1975,24600.0,8,447.1531300813008,420.11692307692306,27.497260273972604,844.0,False
Andhra Pradesh,chickpea,1976,23000.0,9,391.30295652173913,447.1531300813008,27.927322404371584,626.2,False
Andhra Pradesh,chickpea,1977,14800.0,8,418.9185135135135,391.30295652173913,27.723561643835616,564.8,True
Andhra Pradesh,chickpea,1978,15200.0,8,427.6301315789474,418.9185135135135,27.583013698630136,753.9,False
Andhra Pradesh,chickpea,1979,16900.0,8,461.53816568047336,427.6301315789474,28.016712328767124,822.6,False
Andhra Pradesh,chickpea,1980,12200.0,9,459.0172131147541,461.53816568047336,28.100819672131145,622.1,False
Andhra Pradesh,chickpea,1981,12300.0,9,463.41512195121953,459.0172131147541,27.714794520547944,656.9,False
Andhra Pradesh,chickpea,1982,15900.0,9,672.9567295597484,463.41512195121953,28.033150684931503,468.6,True
Andhra Pradesh,chickpea,1983,14200.0,8,669.0145774647888,672.9567295597484,28.16575342465753,688.2,False
Andhra Pradesh,chickpea,1984,19300.0,8,367.8763730569948,669.0145774647888,28.08907103825137,581.5,True
Andhra Pradesh,chickpea,1985,19100.0,8,413.61068062827223,367.8763730569948,28.24712328767124,529.6,True
Andhra Pradesh,chickpea,1986,26000.0,5,461.53923076923076,413.61068062827223,28.06876712328767,682.2,False
Andhra Pradesh,chickpea,1987,25000.0,4,479.9992,461.53923076923076,28.021369863013696,835.4,False
Andhra Pradesh,chickpea,1988,30000.0,7,603.3346666666666,479.9992,28.031420765027324,716.1,False
Andhra Pradesh,chickpea,1989,33400.0,6,649.6996107784431,603.3346666666666,27.578356164383564,951.6,False
Andhra Pradesh,chickpea,1990,35550.0,9,1365.3042841068916,649.6996107784431,27.46684931506849,1278.3,False
Andhra Pradesh,chickpea,1991,41270.0,9,951.7082747758662,1365.3042841068916,27.55890410958904,874.5,False
Andhra Pradesh,chickpea,1992,36010.0,9,574.2652513190781,951.7082747758662,27.73743169398907,523.6,True
Andhra Pradesh,chickpea,1993,58000.0,5,931.0360206896551,574.2652513190781,28.063835616438357,647.2,False
Andhra Pradesh,chickpea,1994,128000.0,5,898.4354578125,931.0360206896551,28.097808219178084,879.3,False
Andhra Pradesh,chickpea,1995,77000.0,5,701.2990077922077,898.4354578125,27.68164383561644,816.8,False
Andhra Pradesh,chickpea,1996,70000.0,5,971.4256571428572,701.2990077922077,27.59016393442623,895.8,False
Andhra Pradesh,chickpea,1997,108000.0,5,509.2600648148148,971.4256571428572,28.184657534246572,597.0,False
Andhra Pradesh,chickpea,1998,111000.0,5,1144.142636036036,509.2600648148148,28.18164383561644,812.7,False
Andhra Pradesh,chickpea,1999,129100.0,10,563.5143392718821,1144.142636036036,27.971232876712328,543.4,True
Andhra Pradesh,chickpea,2000,166200.0,10,1226.3714362214198,563.5143392718821,27.358469945355196,1073.0,False
Andhra Pradesh,chickpea,2001,245340.0,11,1300.600607728051,1226.3714362214198,28.01013698630137,616.7,False
Andhra Pradesh,chickpea,2002,331000.0,5,936.5543389728098,1300.600607728051,28.19698630136986,495.4,True
Andhra Pradesh,chickpea,2003,334540.0,9,1052.1994526812937,936.5543389728098,28.035616438356165,832.6,False
Andhra Pradesh,chickpea,2004,268480.0,10,1048.0255497616208,1052.1994526812937,27.53852459016393,758.4,False
Andhra Pradesh,chickpea,2005,320840.0,9,1628.478027677347,1048.0255497616208,28.096164383561646,779.7,False
Andhra Pradesh,chickpea,2006,500640.0,9,1027.1468226669863,1628.478027677347,28.031232876712327,749.5,False
Andhra Pradesh,chickpea,2007,512290.0,10,1462.7350498740948,1027.1468226669863,27.56904109589041,998.8,False
Andhra Pradesh,chickpea,2008,487390.0,10,1374.691450378547,1462.7350498740948,27.87295081967213,961.8,False
Andhra Pradesh,chickpea,2009,525440.0,10,1277.5164878958587,1374.691450378547,28.54383561643836,673.4,False
Andhra Pradesh,chickpea,2010,474820.0,9,1202.8578499220757,1277.5164878958587,27.62082191780822,1396.7,False
Andhra Pradesh,chickpea,2011,479890.0,9,933.283770239013,1202.8578499220757,28.04027397260274,525.4,True
Andhra Pradesh,chickpea,2012,568770.0,10,1051.6103699210578,933.283770239013,28.3655737704918,652.1,False
Andhra Pradesh,chickpea,2013,472400.0,10,1371.8001193903472,1051.6103699210578,27.370684931506847,1113.4,False
Andhra Pradesh,chickpea,2014,341780.0,11,1143.9815173503423,1371.8001193903472,27.914246575342467,668.4,False
Andhra Pradesh,chickpea,2015,471130.0,10,1060.8600379937598,1143.9815173503423,28.254794520547943,831.1,False
Andhra Pradesh,chickpea,2016,397070.0,9,959.5605177928326,1060.8600379937598,28.344535519125685,808.2,False
Andhra Pradesh,chickpea,2017,520380.0,10,1132.0943295284217,959.5605177928326,28.846849315068493,763.3,False
Andhra Pradesh,maize,1967,9900.0,10,1141.4141414141413,788.8888888888889,27.63671232876712,973.6,False
Andhra Pradesh,maize,1968,9200.0,8,1000.0004347826087,1141.4141414141413,27.78715846994536,926.1,False
Andhra Pradesh,maize,1969,9900.0,9,1232.3221212121211,1000.0004347826087,27.46191780821918,1234.5,False
Andhra Pradesh,maize,1970,8800.0,11,1284.090909090909,1232.3221212121211,27.496986301369866,790.6,False
Andhra Pradesh,maize,1971,8800.0,10,1090.908181818182,1284.090909090909,27.80794520547945,636.9,False
Andhra Pradesh,maize,1972,10700.0,10,1112.1504672897197,1090.908181818182,28.335519125683057,523.1,True
Andhra Pradesh,maize,1973,9900.0,11,1494.9495959595959,1112.1504672897197,28.16794520547945,560.5,True
Andhra Pradesh,maize,1974,13300.0,10,1601.5044360902255,1494.9495959595959,27.60383561643836,585.6,True
Andhra Pradesh,maize,1975,12100.0,11,1619.8353719008264,1601.5044360902255,27.497260273972604,844.0,False
Andhra Pradesh,maize,1976,11800.0,11,1000.0003389830508,1619.8353719008264,27.927322404371584,626.2,False
Andhra Pradesh,maize,1977,13100.0,11,1541.983969465649,1000.0003389830508,27.723561643835616,564.8,True
Andhra Pradesh,maize,1978,15600.0,11,1166.666282051282,1541.983969465649,27.583013698630136,753.9,False
Andhra Pradesh,maize,1979,14700.0,11,1340.134693877551,1166.666282051282,28.016712328767124,822.6,False
Andhra Pradesh,maize,1980,17200.0,11,1453.489534883721,1340.134693877551,28.100819672131145,622.1,False
Andhra Pradesh,maize,1981,16500.0,10,3109.0897575757576,1453.489534883721,27.714794520547944,656.9,False
Andhra Pradesh,maize,1982,11900.0,10,3117.6465546218487,3109.0897575757576,28.033150684931503,468.6,True
Andhra Pradesh,maize,1983,11600.0,10,4068.965,3117.6465546218487,28.16575342465753,688.2,False
Andhra Pradesh,maize,1984,12500.0,10,1520.00256,4068.965,28.08907103825137,581.5,True
Andhra Pradesh,maize,1985,12800.0,10,1453.1234375,1520.00256,28.24712328767124,529.6,True
Andhra Pradesh,maize,1986,16900.0,10,1402.3643786982248,1453.1234375,28.06876712328767,682.2,False
Andhra Pradesh,maize,1987,13600.0,10,1463.2346323529412,1402.3643786982248,28.021369863013696,835.4,False
Andhra Pradesh,maize,1988,17700.0,11,1813.5590960451977,1463.2346323529412,28.031420765027324,716.1,False
Andhra Pradesh,maize,1989,28400.0,10,2490.1394366197183,1813.5590960451977,27.578356164383564,951.6,False
Andhra Pradesh,maize,1990,29840.0,10,2067.9853652815013,2490.1394366197183,27.46684931506849,1278.3,False
Andhra Pradesh,maize,1991,31080.0,11,2015.7625772200772,2067.9853652815013,27.55890410958904,874.5,False
Andhra Pradesh,maize,1992,38300.0,11,2604.7910443864225,2015.7625772200772,27.73743169398907,523.6,True
Andhra Pradesh,maize,1993,32000.0,8,2406.2493375,2604.7910443864225,28.063835616438357,647.2,False
Andhra Pradesh,maize,1994,39000.0,8,2525.641502564102,2406.2493375,28.097808219178084,879.3,False
Andhra Pradesh,maize,1995,47000.0,9,2872.341344680851,2525.641502564102,27.68164383561644,816.8,False
Andhra Pradesh,maize,1996,58000.0,9,4086.2056620689655,2872.341344680851,27.59016393442623,895.8,False
Andhra Pradesh,maize,1997,50000.0,9,2880.0013719999997,4086.2056620689655,28.184657534246572,597.0,False
Andhra Pradesh,maize,1998,45000.0,9,3444.4438488888886,2880.0013719999997,28.18164383561644,812.7,False
Andhra Pradesh,maize,1999,58670.0,11,3797.851155616158,3444.4438488888886,27.971232876712328,543.4,True
Andhra Pradesh,maize,2000,78380.0,11,3838.523988262312,3797.851155616158,27.358469945355196,1073.0,False
Andhra Pradesh,maize,2001,58200.0,11,4659.27068556701,3838.523988262312,28.01013698630137,616.7,False
Andhra Pradesh,maize,2002,75000.0,10,4306.665312,4659.27068556701,28.19698630136986,495.4,True
Andhra Pradesh,maize,2003,121210.0,11,4083.6110560184807,4306.665312,28.035616438356165,832.6,False
Andhra Pradesh,maize,2004,124740.0,11,5709.890404842072,4083.6110560184807,27.53852459016393,758.4,False
Andhra Pradesh,maize,2005,119830.0,11,6239.530180255362,5709.890404842072,28.096164383561646,779.7,False
Andhra Pradesh,maize,2006,134440.0,11,6216.537023207378,6239.530180255362,28.031232876712327,749.5,False
Andhra Pradesh,maize,2007,181220.0,11,6968.688928374351,6216.537023207378,27.56904109589041,998.8,False
Andhra Pradesh,maize,2008,251330.0,11,7792.058531412884,6968.688928374351,27.87295081967213,961.8,False
Andhra Pradesh,maize,2009,213380.0,11,6538.707967944512,7792.058531412884,28.54383561643836,673.4,False
Andhra Pradesh,maize,2010,233420.0,11,8073.525418130408,6538.707967944512,27.62082191780822,1396.7,False
Andhra Pradesh,maize,2011,272420.0,11,6472.613791571838,8073.525418130408,28.04027397260274,525.4,True
Andhra Pradesh,maize,2012,309140.0,11,6181.367375622695,6472.613791571838,28.3655737704918,652.1,False
Andhra Pradesh,maize,2013,352130.0,11,6285.872609831596,6181.367375622695,27.370684931506847,1113.4,False
Andhra Pradesh,maize,2014,303300.0,11,6389.852123969667,6285.872609831596,27.914246575342467,668.4,False
Andhra Pradesh,maize,2015,232650.0,11,6068.064436277671,6389.852123969667,28.254794520547943,831.1,False
Andhra Pradesh,maize,2016,250290.0,11,6604.183918254825,6068.064436277671,28.344535519125685,808.2,False
Andhra Pradesh,maize,2017,336530.0,11,6911.255861290227,6604.183918254825,28.846849315068493,763.3,False
Andhra Pradesh,rice,1967,2422000.0,11,1372.005891824938,1338.6094252394835,27.63671232876712,973.6,False
Andhra Pradesh,rice,1968,2238800.0,11,1230.1229194211185,1372.005891824938,27.78715846994536,926.1,False
Andhra Pradesh,rice,1969,2498300.0,11,1235.0795621022296,1230.1229194211185,27.46191780821918,1234.5,False
Andhra Pradesh,rice,1970,2483200.0,11,1383.1767159310566,1235.0795621022296,27.496986301369866,790.6,False
Andhra Pradesh,rice,1971,2368000.0,11,1627.4070755912162,1383.1767159310566,27.80794520547945,636.9,False
Andhra Pradesh,rice,1972,2268000.0,11,1553.5719850088183,1627.4070755912162,28.335519125683057,523.1,True
Andhra Pradesh,rice,1973,2333300.0,11,1655.510225431792,1553.5719850088183,28.16794520547945,560.5,True
Andhra Pradesh,rice,1974,2498700.0,11,1654.380417817265,1655.510225431792,27.60383561643836,585.6,True
Andhra Pradesh,rice,1975,2649900.0,11,1646.6655926638741,1654.380417817265,27.497260273972604,844.0,False
Andhra Pradesh,rice,1976,2391400.0,11,1293.1348063895625,1646.6655926638741,27.927322404371584,626.2,False
Andhra Pradesh,rice,1977,2647400.0,11,1505.0623687391403,1293.1348063895625,27.723561643835616,564.8,True
Andhra Pradesh,rice,1978,2636500.0,11,1781.1131056324673,1505.0623687391403,27.583013698630136,753.9,False
Andhra Pradesh,rice,1979,2483000.0,11,1804.2687233185663,1781.1131056324673,28.016712328767124,822.6,False
Andhra Pradesh,rice,1980,2578500.0,11,2003.6847477215435,1804.2687233185663,28.100819672131145,622.1,False
Andhra Pradesh,rice,1981,2606000.0,11,2075.209681504221,2003.6847477215435,27.714794520547944,656.9,False
Andhra Pradesh,rice,1982,2496300.0,11,2167.287306413492,2075.209681504221,28.033150684931503,468.6,True
Andhra Pradesh,rice,1983,2785500.0,11,2183.953324358284,2167.287306413492,28.16575342465753,688.2,False
Andhra Pradesh,rice,1984,2501300.0,11,2049.015396393875,2183.953324358284,28.08907103825137,581.5,True
Andhra Pradesh,rice,1985,2497600.0,11,2360.9464329756565,2049.015396393875,28.24712328767124,529.6,True
Andhra Pradesh,rice,1986,2554000.0,11,2035.2397533281128,2360.9464329756565,28.06876712328767,682.2,False
Andhra Pradesh,rice,1987,2180000.0,11,2349.0824449541283,2035.2397533281128,28.021369863013696,835.4,False
Andhra Pradesh,rice,1988,2791400.0,11,2670.6306641828473,2349.0824449541283,28.031420765027324,716.1,False
Andhra Pradesh,rice,1989,2796200.0,11,2435.053160002861,2670.6306641828473,27.578356164383564,951.6,False
Andhra Pradesh,rice,1990,2623100.0,11,2386.29283710114,2435.053160002861,27.46684931506849,1278.3,False
Andhra Pradesh,rice,1991,2606760.0,11,2387.4843044238823,2386.29283710114,27.55890410958904,874.5,False
Andhra Pradesh,rice,1992,2545940.0,11,2547.3159356072806,2387.4843044238823,27.73743169398907,523.6,True
Andhra Pradesh,rice,1993,2542000.0,11,2820.2205692368216,2547.3159356072806,28.063835616438357,647.2,False
Andhra Pradesh,rice,1994,2582000.0,11,2558.0935290472503,2820.2205692368216,28.097808219178084,879.3,False
Andhra Pradesh,rice,1995,2588000.0,11,2522.7972416537864,2558.0935290472503,27.68164383561644,816.8,False
Andhra Pradesh,rice,1996,2749000.0,11,2590.3950549290653,2522.7972416537864,27.59016393442623,895.8,False
Andhra Pradesh,rice,1997,2564000.0,11,2509.7511353354134,2590.3950549290653,28.184657534246572,597.0,False
Andhra Pradesh,rice,1998,2779000.0,11,2766.823238287154,2509.7511353354134,28.18164383561644,812.7,False
Andhra Pradesh,rice,1999,2634240.0,11,2794.902268092505,2766.823238287154,27.971232876712328,543.4,True
Andhra Pradesh,rice,2000,2694770.0,11,2983.826281166853,2794.902268092505,27.358469945355196,1073.0,False
Andhra Pradesh,rice,2001,2515360.0,11,3110.353420941734,2983.826281166853,28.01013698630137,616.7,False
Andhra Pradesh,rice,2002,1867000.0,11,2846.8139169791107,3110.353420941734,28.19698630136986,495.4,True
Andhra Pradesh,rice,2003,1957330.0,11,3093.0595013104585,2846.8139169791107,28.035616438356165,832.6,False
Andhra Pradesh,rice,2004,2227690.0,11,3318.538010450287,3093.0595013104585,27.53852459016393,758.4,False
Andhra Pradesh,rice,2005,2520720.0,11,2891.5337379796247,3318.538010450287,28.096164383561646,779.7,False
Andhra Pradesh,rice,2006,2488890.0,11,3060.149662942115,2891.5337379796247,28.031232876712327,749.5,False
Andhra Pradesh,rice,2007,2577610.0,11,3445.2162810510513,3060.149662942115,27.56904109589041,998.8,False
Andhra Pradesh,rice,2008,2695730.0,11,3294.3211932945806,3445.2162810510513,27.87295081967213,961.8,False
Andhra Pradesh,rice,2009,2325740.0,11,3254.48427756327,3294.3211932945806,28.54383561643836,673.4,False
Andhra Pradesh,rice,2010,2772380.0,11,2861.470113548648,3254.48427756327,27.62082191780822,1396.7,False
Andhra Pradesh,rice,2011,2346310.0,11,3300.5780701612316,2861.470113548648,28.04027397260274,525.4,True
Andhra Pradesh,rice,2012,2209250.0,11,3106.38068154351,3300.5780701612316,28.3655737704918,652.1,False
Andhra Pradesh,rice,2013,2583440.0,11,3094.114272713901,3106.38068154351,27.370684931506847,1113.4,False
Andhra Pradesh,rice,2014,2393970.0,11,3532.0279798410174,3094.114272713901,27.914246575342467,668.4,False
Andhra Pradesh,rice,2015,2160790.0,11,3479.418886518357,3532.0279798410174,28.254794520547943,831.1,False
Andhra Pradesh,rice,2016,2105020.0,11,3801.554108036978,3479.418886518357,28.344535519125685,808.2,False
Andhra Pradesh,rice,2017,2218180.0,11,3814.531571378337,3801.554108036978,28.846849315068493,763.3,False
Assam,chickpea,1967,2100.0,7,528.5730476190475,534.6535148514852,22.455068493150687,2333.2,False
Assam,chickpea,1968,1970.0,7,522.8433502538071,528.5730476190475,22.45464480874317,2474.6,False
Assam,chickpea,1969,2090.0,7,521.5341148325359,522.8433502538071,23.063835616438357,2006.0,True
Assam,chickpea,1970,1590.0,7,553.4570440251573,521.5341148325359,22.94383561643836,2678.5,False
Assam,chickpea,1971,3920.0,9,500.00160714285715,553.4570440251573,22.430410958904112,2467.5,False
Assam,chickpea,1972,5100.0,9,500.00015686274514,500.00160714285715,22.67622950819672,2506.4,False
Assam,chickpea,1973,5320.0,9,486.8418421052632,500.00015686274514,23.043287671232875,2806.7,False
Assam,chickpea,1974,4740.0,9,485.2329324894515,486.8418421052632,22.695890410958903,2907.0,False
Assam,chickpea,1975,2900.0,6,448.2758620689655,485.2329324894515,22.82575342465753,2371.2,False
Assam,chickpea,1976,2810.0,10,480.42775800711746,448.2758620689655,22.73087431693989,2078.5,True
Assam,chickpea,1977,2990.0,10,464.8835785953177,480.42775800711746,22.37945205479452,2520.9,False
Assam,chickpea,1978,3190.0,10,501.5691536050157,464.8835785953177,22.86054794520548,2260.4,False
Assam,chickpea,1979,3570.0,10,476.19056022408967,501.5691536050157,23.4813698630137,1953.9,True
Assam,chickpea,1980,4030.0,10,471.4654838709677,476.19056022408967,22.65218579234973,2454.8,False
Assam,chickpea,1981,3170.0,10,470.03195583596215,471.4654838709677,22.806575342465752,1951.8,True
Assam,chickpea,1982,3500.0,10,474.2849428571429,470.03195583596215,22.689863013698627,2235.5,False
Assam,chickpea,1983,4120.0,10,463.59179611650484,474.2849428571429,22.40794520547945,2691.6,False
Assam,chickpea,1984,4420.0,9,472.84904977375567,463.59179611650484,22.766939890710383,2513.3,False
Assam,chickpea,1985,5270.0,9,480.0746299810247,472.84904977375567,22.80383561643836,2101.1,True
Assam,chickpea,1986,3650.0,10,463.0143561643836,480.0746299810247,22.893424657534247,2438.5,False
Assam,chickpea,1987,3590.0,10,454.04125348189416,463.0143561643836,23.062739726027395,2096.3,True
Assam,chickpea,1988,3490.0,10,484.24128939828086,454.04125348189416,23.189890710382517,3235.8,False
Assam,chickpea,1989,3340.0,10,452.09808383233536,484.24128939828086,22.641917808219176,2399.8,False
Assam,chickpea,1990,3220.0,10,478.2602795031056,452.09808383233536,22.65095890410959,2841.8,False
Assam,chickpea,1991,3150.0,10,476.1890793650794,478.2602795031056,22.7186301369863,2823.0,False
Assam,chickpea,1992,3090.0,9,491.90961165048543,476.1890793650794,22.425956284153006,2012.5,True
Assam,chickpea,1993,2840.0,9,478.8741549295774,491.90961165048543,22.36739726027397,3210.1,False
Assam,chickpea,1994,3370.0,10,492.58394658753707,478.8741549295774,22.806575342465752,2454.5,False
Assam,chickpea,1995,2910.0,10,508.5918900343642,492.58394658753707,22.848219178082196,3105.1,False
Assam,chickpea,1996,2900.0,10,510.3444827586207,508.5918900343642,23.00027322404372,2586.0,False
Assam,chickpea,1997,3010.0,10,504.9848172757475,510.3444827586207,22.218630136986302,2520.3,False
Assam,chickpea,1998,3030.0,10,498.3528382838284,504.9848172757475,23.105753424657536,2434.3,False
Assam,chickpea,1999,2350.0,9,506.3847234042553,498.3528382838284,23.610410958904108,2398.4,False
Assam,chickpea,2000,2660.0,9,500.0013533834587,506.3847234042553,22.58497267759563,2640.8,False
Assam,chickpea,2001,2490.0,9,526.1046184738956,500.0013533834587,23.054794520547944,2236.3,False
Assam,chickpea,2002,2390.0,9,510.46087866108786,526.1046184738956,22.904931506849312,2759.6,False
Assam,chickpea,2003,2420.0,9,512.3964049586776,510.46087866108786,22.80328767123288,2618.3,False
Assam,chickpea,2004,2160.0,9,504.6266666666667,512.3964049586776,22.693169398907106,3154.2,False
Assam,chickpea,2005,2020.0,9,502.41198019801976,504.6266666666667,23.216712328767123,1747.6,True
Assam,chickpea,2006,1890.0,8,505.2143386243386,502.41198019801976,23.543561643835616,1703.2,True
Assam,chickpea,2007,1830.0,7,516.3139344262295,505.2143386243386,22.88849315068493,3102.5,False
Assam,chickpea,2008,1600.0,7,532.585125,516.3139344262295,23.004918032786883,2186.5,False
Assam,chickpea,2009,1700.0,7,508.7433529411765,532.585125,23.693150684931503,1930.7,True
Assam,chickpea,2010,1740.0,7,495.40982758620686,508.7433529411765,23.30301369863014,2970.2,False
Assam,chickpea,2011,1800.0,9,513.9366666666666,495.40982758620686,23.078356164383564,2114.6,False
Assam,chickpea,2012,1690.0,8,569.9023076923077,513.9366666666666,22.96311475409836,2225.5,False
Assam,chickpea,2013,1980.0,7,709.2712121212121,569.9023076923077,22.996986301369866,2109.4,True
Assam,chickpea,2014,2050.0,8,948.9867804878048,709.2712121212121,23.50657534246575,2145.4,False
Assam,chickpea,2015,2180.0,9,696.123119266055,948.9867804878048,23.12630136986301,2656.2,False
Assam,chickpea,2016,2360.0,9,654.9250423728814,696.123119266055,23.269398907103827,2568.6,False
Assam,chickpea,2017,2220.0,9,685.5835135135135,654.9250423728814,23.746575342465757,3109.6,False
Assam,maize,1967,10400.0,8,548.0766923076923,547.2666491596639,22.455068493150687,2333.2,False
Assam,maize,1968,11070.0,8,544.7151671183378,548.0766923076923,22.45464480874317,2474.6,False
Assam,maize,1969,11410.0,8,549.5192900964066,544.7151671183378,23.063835616438357,2006.0,True
Assam,maize,1970,12230.0,9,556.0085363859362,549.5192900964066,22.94383561643836,2678.5,False
Assam,maize,1971,11560.0,10,552.7676903114187,556.0085363859362,22.430410958904112,2467.5,False
Assam,maize,1972,10860.0,10,550.6432965009209,552.7676903114187,22.67622950819672,2506.4,False
Assam,maize,1973,15030.0,10,541.5850964737192,550.6432965009209,23.043287671232875,2806.7,False
Assam,maize,1974,16370.0,10,529.0158155161881,541.5850964737192,22.695890410958903,2907.0,False
Assam,maize,1975,20700.0,10,574.8785024154589,529.0158155161881,22.82575342465753,2371.2,False
Assam,maize,1976,18790.0,10,561.9999414582225,574.8785024154589,22.73087431693989,2078.5,True
Assam,maize,1977,21420.0,10,589.6333566760037,561.9999414582225,22.37945205479452,2520.9,False
Assam,maize,1978,22000.0,10,595.4555863636364,589.6333566760037,22.86054794520548,2260.4,False
Assam,maize,1979,23050.0,10,589.1550759219089,595.4555863636364,23.4813698630137,1953.9,True
Assam,maize,1980,22460.0,10,598.8412867319679,589.1550759219089,22.65218579234973,2454.8,False
Assam,maize,1981,21420.0,10,614.8456816059758,598.8412867319679,22.806575342465752,1951.8,True
Assam,maize,1982,20210.0,10,601.1861207323109,614.8456816059758,22.689863013698627,2235.5,False
Assam,maize,1983,18090.0,10,601.9891100055279,601.1861207323109,22.40794520547945,2691.6,False
Assam,maize,1984,19580.0,10,612.8700408580185,601.9891100055279,22.766939890710383,2513.3,False
Assam,maize,1985,19500.0,10,619.487594871795,612.8700408580185,22.80383561643836,2101.1,True
Assam,maize,1986,18410.0,10,611.62567083107,619.487594871795,22.893424657534247,2438.5,False
Assam,maize,1987,19150.0,10,589.0313315926892,611.62567083107,23.062739726027395,2096.3,True
Assam,maize,1988,16950.0,10,618.2885899705014,589.0313315926892,23.189890710382517,3235.8,False
Assam,maize,1989,19730.0,10,633.0466193613787,618.2885899705014,22.641917808219176,2399.8,False
Assam,maize,1990,20580.0,10,629.734941690962,633.0466193613787,22.65095890410959,2841.8,False
Assam,maize,1991,18600.0,10,634.4068602150538,629.734941690962,22.7186301369863,2823.0,False
Assam,maize,1992,18870.0,10,664.0140858505565,634.4068602150538,22.425956284153006,2012.5,True
Assam,maize,1993,17670.0,10,659.8748839841539,664.0140858505565,22.36739726027397,3210.1,False
Assam,maize,1994,19110.0,10,661.9574672946102,659.8748839841539,22.806575342465752,2454.5,False
Assam,maize,1995,19050.0,10,681.3637480314961,661.9574672946102,22.848219178082196,3105.1,False
Assam,maize,1996,19100.0,10,680.6299109947645,681.3637480314961,23.00027322404372,2586.0,False
Assam,maize,1997,19250.0,10,763.6350077922077,680.6299109947645,22.218630136986302,2520.3,False
Assam,maize,1998,19850.0,10,705.7917380352645,763.6350077922077,23.105753424657536,2434.3,False
Assam,maize,1999,19710.0,10,714.3590715372908,705.7917380352645,23.610410958904108,2398.4,False
Assam,maize,2000,20280.0,10,736.1934319526628,714.3590715372908,22.58497267759563,2640.8,False
Assam,maize,2001,19640.0,10,710.2855142566192,736.1934319526628,23.054794520547944,2236.3,False
Assam,maize,2002,19820.0,10,716.954843592331,710.2855142566192,22.904931506849312,2759.6,False
Assam,maize,2003,19570.0,10,718.4444660194175,716.954843592331,22.80328767123288,2618.3,False
Assam,maize,2004,19220.0,10,721.1252081165453,718.4444660194175,22.693169398907106,3154.2,False
Assam,maize,2005,18850.0,10,725.9967586206897,721.1252081165453,23.216712328767123,1747.6,True
Assam,maize,2006,18490.0,10,729.567755543537,725.9967586206897,23.543561643835616,1703.2,True
Assam,maize,2007,18280.0,10,723.8003993435449,729.567755543537,22.88849315068493,3102.5,False
Assam,maize,2008,17040.0,10,728.8041666666667,723.8003993435449,23.004918032786883,2186.5,False
Assam,maize,2009,19210.0,10,720.0505153565852,728.8041666666667,23.693150684931503,1930.7,True
Assam,maize,2010,19630.0,10,713.4537137035151,720.0505153565852,23.30301369863014,2970.2,False
Assam,maize,2011,21180.0,10,802.2903021718603,713.4537137035151,23.078356164383564,2114.6,False
Assam,maize,2012,23530.0,10,896.0715597110075,802.2903021718603,22.96311475409836,2225.5,False
Assam,maize,2013,23960.0,10,3201.6675542570956,896.0715597110075,22.996986301369866,2109.4,True
Assam,maize,2014,27880.0,10,3329.484149928264,3201.6675542570956,23.50657534246575,2145.4,False
Assam,maize,2015,28260.0,10,3073.8856298655346,3329.484149928264,23.12630136986301,2656.2,False
Assam,maize,2016,31100.0,10,2915.9872990353697,3073.8856298655346,23.269398907103827,2568.6,False
Assam,maize,2017,31390.0,10,3132.1153392800256,2915.9872990353697,23.746575342465757,3109.6,False
Assam,rice,1967,1886830.0,8,947.3598587578108,881.5328010281777,22.455068493150687,2333.2,False
Assam,rice,1968,1952800.0,8,1018.8707846169601,947.3598587578108,22.45464480874317,2474.6,False
Assam,rice,1969,1967610.0,8,902.399778919603,1018.8707846169601,23.063835616438357,2006.0,True
Assam,rice,1970,1974240.0,9,1006.3255066759867,902.399778919603,22.94383561643836,2678.5,False
Assam,rice,1971,1953350.0,10,969.9028252489313,1006.3255066759867,22.430410958904112,2467.5,False
Assam,rice,1972,2035620.0,10,1045.0536469478586,969.9028252489313,22.67622950819672,2506.4,False
Assam,rice,1973,2096490.0,10,994.7239653897706,1045.0536469478586,23.043287671232875,2806.7,False
Assam,rice,1974,2107530.0,10,973.6807268223939,994.7239653897706,22.695890410958903,2907.0,False
Assam,rice,1975,2241000.0,10,1022.0433632307006,973.6807268223939,22.82575342465753,2371.2,False
Assam,rice,1976,2219280.0,10,927.7679574005984,1022.0433632307006,22.73087431693989,2078.5,True
Assam,rice,1977,2215440.0,10,1014.792271467519,927.7679574005984,22.37945205479452,2520.9,False
Assam,rice,1978,2232550.0,10,964.297433069808,1014.792271467519,22.86054794520548,2260.4,False
Assam,rice,1979,2202910.0,10,896.7154746222043,964.297433069808,23.4813698630137,1953.9,True
Assam,rice,1980,2228920.0,10,1103.6268250542864,896.7154746222043,22.65218579234973,2454.8,False
Assam,rice,1981,2255100.0,10,989.8939970289565,1103.6268250542864,22.806575342465752,1951.8,True
Assam,rice,1982,2301760.0,10,1122.3014549735854,989.8939970289565,22.689863013698627,2235.5,False
Assam,rice,1983,2322260.0,10,1090.4488093495129,1122.3014549735854,22.40794520547945,2691.6,False
Assam,rice,1984,2324840.0,10,1048.6538920958,1090.4488093495129,22.766939890710383,2513.3,False
Assam,rice,1985,2464100.0,10,1155.2126079704558,1048.6538920958,22.80383561643836,2101.1,True
Assam,rice,1986,2288060.0,10,1042.4892300464148,1155.2126079704558,22.893424657534247,2438.5,False
Assam,rice,1987,2336050.0,10,1162.58298071531,1042.4892300464148,23.062739726027395,2096.3,True
Assam,rice,1988,2366180.0,10,1032.945793092664,1162.58298071531,23.189890710382517,3235.8,False
Assam,rice,1989,2471670.0,10,1130.7486085521125,1032.945793092664,22.641917808219176,2399.8,False
Assam,rice,1990,2526750.0,10,1294.2193566439103,1130.7486085521125,22.65095890410959,2841.8,False
Assam,rice,1991,2571960.0,10,1243.0897881382293,1294.2193566439103,22.7186301369863,2823.0,False
Assam,rice,1992,2566390.0,10,1285.696520326217,1243.0897881382293,22.425956284153006,2012.5,True
Assam,rice,1993,2562650.0,10,1311.6346243536964,1285.696520326217,22.36739726027397,3210.1,False
Assam,rice,1994,2486500.0,10,1491.7026737582948,1311.6346243536964,22.806575342465752,2454.5,False
Assam,rice,1995,2539920.0,10,1334.700309261709,1491.7026737582948,22.848219178082196,3105.1,False
Assam,rice,1996,2527700.0,10,1316.521356134035,1334.700309261709,23.00027322404372,2586.0,False
Assam,rice,1997,2525670.0,10,1339.4049374225453,1316.521356134035,22.218630136986302,2520.3,False
Assam,rice,1998,2454120.0,10,1326.2840871677017,1339.4049374225453,23.105753424657536,2434.3,False
Assam,rice,1999,2645870.0,10,1459.1121608771407,1326.2840871677017,23.610410958904108,2398.4,False
Assam,rice,2000,2646170.0,10,1511.046329147409,1459.1121608771407,22.58497267759563,2640.8,False
Assam,rice,2001,2536430.0,10,1519.5552277019276,1511.046329147409,23.054794520547944,2236.3,False
Assam,rice,2002,2540730.0,10,1471.1554058479257,1519.5552277019276,22.904931506849312,2759.6,False
Assam,rice,2003,2529860.0,10,1534.0581268133415,1471.1554058479257,22.80328767123288,2618.3,False
Assam,rice,2004,2383740.0,10,1452.41096440887,1534.0581268133415,22.693169398907106,3154.2,False
Assam,rice,2005,2383930.0,10,1467.4998893423883,1452.41096440887,23.216712328767123,1747.6,True
Assam,rice,2006,2169680.0,10,1332.2972077910108,1467.4998893423883,23.543561643835616,1703.2,True
Assam,rice,2007,2302530.0,10,1432.303359956222,1332.2972077910108,22.88849315068493,3102.5,False
Assam,rice,2008,2457570.0,10,1636.0079777992082,1432.303359956222,23.004918032786883,2186.5,False
Assam,rice,2009,2513700.0,10,1765.043322035247,1636.0079777992082,23.693150684931503,1930.7,True
Assam,rice,2010,2516330.0,10,1987.6387289425475,1765.043322035247,23.30301369863014,2970.2,False
Assam,rice,2011,2525300.0,10,1857.7662040153646,1987.6387289425475,23.078356164383564,2114.6,False
Assam,rice,2012,2461890.0,10,2066.1635482088964,1857.7662040153646,22.96311475409836,2225.5,False
Assam,rice,2013,2484470.0,10,2078.1253147753846,2066.1635482088964,22.996986301369866,2109.4,True
Assam,rice,2014,2477100.0,10,2096.612918897097,2078.1253147753846,23.50657534246575,2145.4,False
Assam,rice,2015,2467160.0,10,2064.938161124532,2096.612918897097,23.12630136986301,2656.2,False
Assam,rice,2016,2449980.0,10,2081.1617678103494,2064.938161124532,23.269398907103827,2568.6,False
Assam,rice,2017,2417180.0,10,2174.1718152144235,2081.1617678103494,23.746575342465757,3109.6,False
Bihar,chickpea,1967,304490.0,11,627.8033659561889,402.76108255249807,25.78219178082192,865.6,True
Bihar,chickpea,1968,218900.0,11,562.0834042941983,627.8033659561889,25.078142076502733,1122.8,False
Bihar,chickpea,1969,218900.0,11,555.0021206030151,562.0834042941983,25.56328767123288,975.7,False
Bihar,chickpea,1970,205410.0,11,727.4709989776545,555.0021206030151,25.30356164383561,1125.6,False
Bihar,chickpea,1971,197990.0,11,785.3936062427395,727.4709989776545,24.287123287671232,1823.7,False
Bihar,chickpea,1972,213720.0,11,529.2446804229833,785.3936062427395,25.96120218579235,874.0,True
Bihar,chickpea,1973,209730.0,11,450.53362275306347,529.2446804229833,25.61342465753425,1243.2,False
Bihar,chickpea,1974,195680.0,11,699.5082864881439,450.53362275306347,25.715616438356168,1184.0,False
Bihar,chickpea,1975,186680.0,11,603.278031926291,699.5082864881439,25.48109589041096,1114.5,False
Bihar,chickpea,1976,183230.0,11,680.2376537684877,603.278031926291,25.631967213114752,992.7,False
Bihar,chickpea,1977,181700.0,11,562.189858007705,680.2376537684877,25.371506849315068,1042.4,False
Bihar,chickpea,1978,172000.0,11,639.534476744186,562.189858007705,24.835342465753424,1036.8,False
Bihar,chickpea,1979,155000.0,11,651.612,639.534476744186,26.235342465753423,847.0,True
Bihar,chickpea,1980,157000.0,10,764.3330573248408,651.612,25.54453551912568,926.2,False
Bihar,chickpea,1981,155000.0,10,767.7416129032258,764.3330573248408,24.75945205479452,848.2,True
Bihar,chickpea,1982,161310.0,11,750.9752829954746,767.7416129032258,25.499178082191783,751.9,True
Bihar,chickpea,1983,155490.0,11,967.1354370055951,750.9752829954746,25.32164383561644,881.7,True
Bihar,chickpea,1984,138420.0,11,907.3818718393296,967.1354370055951,24.798907103825137,1262.8,False
Bihar,chickpea,1985,158710.0,11,895.911185810598,907.3818718393296,25.778356164383563,961.9,False
Bihar,chickpea,1986,150750.0,11,820.0334182421227,895.911185810598,25.286575342465756,1160.8,False
Bihar,chickpea,1987,151530.0,11,770.0791757407774,820.0334182421227,25.846575342465755,919.0,False
Bihar,chickpea,1988,125710.0,11,934.2107421843925,770.0791757407774,25.701092896174863,924.8,False
Bihar,chickpea,1991,130590.0,11,1016.3879278658396,979.2570570570571,25.49013698630137,725.4,True
Bihar,chickpea,1992,112060.0,11,914.9562778868464,1016.3879278658396,25.819125683060108,664.6,True
Bihar,chickpea,1993,110450.0,11,1107.7396206428248,914.9562778868464,25.52986301369863,901.0,False
Bihar,chickpea,1994,123150.0,11,1130.5734283394233,1107.7396206428248,25.427671232876712,903.4,False
Bihar,chickpea,1995,96950.0,11,700.9803837029397,1130.5734283394233,25.60630136986301,986.7,False
Bihar,chickpea,1996,101670.0,11,1019.7699675420478,700.9803837029397,25.424590163934425,1216.1,False
Bihar,chickpea,1997,101580.0,11,739.6150600511913,1019.7699675420478,24.915342465753422,1331.0,False
Bihar,chickpea,1998,88270.0,11,1158.8304384275518,739.6150600511913,25.316712328767125,1131.2,False
Bihar,chickpea,1999,78770.0,11,1001.3983623206805,1158.8304384275518,25.22849315068493,1230.1,False
Bihar,chickpea,2000,74000.0,7,1040.5414864864865,1001.3983623206805,25.035245901639342,887.4,False
Bihar,chickpea,2001,65000.0,5,969.2312307692308,1040.5414864864865,24.979726027397263,947.0,False
Bihar,chickpea,2002,68000.0,6,1014.7060294117647,969.2312307692308,25.255616438356164,1030.4,False
Bihar,chickpea,2003,80000.0,8,974.998875,1014.7060294117647,25.291506849315063,1275.6,False
Bihar,chickpea,2004,72130.0,11,834.4648370996812,974.998875,25.377595628415303,903.5,False
Bihar,chickpea,2005,62690.0,10,939.7023065879725,834.4648370996812,25.673424657534245,867.6,True
Bihar,chickpea,2006,64290.0,10,843.2095831389018,939.7023065879725,25.865479452054792,1270.2,False
Bihar,chickpea,2007,68770.0,11,1078.6655358441183,843.2095831389018,25.434520547945205,1404.9,False
Bihar,chickpea,2008,60360.0,10,1160.3694068919815,1078.6655358441183,25.56065573770492,1318.2,False
Bihar,chickpea,2009,57730.0,10,1012.1247981985105,1160.3694068919815,26.22739726027397,1005.2,False
Bihar,chickpea,2010,56940.0,10,1043.026756234633,1012.1247981985105,26.738904109589043,766.1,True
Bihar,chickpea,2011,59390.0,10,1293.3143357467588,1043.026756234633,25.36054794520548,1179.4,False
Bihar,chickpea,2012,61480.0,10,1377.6822511385817,1293.3143357467588,25.53087431693989,998.5,False
Bihar,chickpea,2013,61340.0,10,1146.7222660580373,1377.6822511385817,24.9172602739726,1116.1,False
Bihar,chickpea,2014,59990.0,10,958.6597966327721,1146.7222660580373,24.95342465753425,890.5,False
Bihar,chickpea,2015,59380.0,9,986.191347254968,958.6597966327721,25.74383561643836,866.5,True
Bihar,chickpea,2016,59360.0,10,1120.240407681941,986.191347254968,26.19207650273224,1151.1,False
Bihar,chickpea,2017,58220.0,10,1153.8548574373067,1120.240407681941,25.46082191780822,983.6,False
Bihar,maize,1967,790470.0,11,1088.365046491328,1125.0715517241379,25.78219178082192,865.6,True
Bihar,maize,1968,765650.0,11,1013.244222817214,1088.365046491328,25.078142076502733,1122.8,False
Bihar,maize,1969,761900.0,11,864.9427767423547,1013.244222817214,25.56328767123288,975.7,False
Bihar,maize,1970,799910.0,11,1116.2636530359664,864.9427767423547,25.30356164383561,1125.6,False
Bihar,maize,1971,575160.0,11,320.3793203630294,1116.2636530359664,24.287123287671232,1823.7,False
Bihar,maize,1972,650970.0,11,1069.4195323901256,320.3793203630294,25.96120218579235,874.0,True
Bihar,maize,1973,739700.0,11,1058.9169145599567,1069.4195323901256,25.61342465753425,1243.2,False
Bihar,maize,1974,689020.0,11,606.5566092421119,1058.9169145599567,25.715616438356168,1184.0,False
Bihar,maize,1975,657960.0,11,929.3738552495591,606.5566092421119,25.48109589041096,1114.5,False
Bihar,maize,1976,736870.0,11,1105.976985356983,929.3738552495591,25.631967213114752,992.7,False
Bihar,maize,1977,724770.0,11,1181.8380121969728,1105.976985356983,25.371506849315068,1042.4,False
Bihar,maize,1978,717000.0,11,1172.9423291492328,1181.8380121969728,24.835342465753424,1036.8,False
Bihar,maize,1979,660000.0,11,995.4548787878788,1172.9423291492328,26.235342465753423,847.0,True
Bihar,maize,1980,714000.0,11,994.3983333333333,995.4548787878788,25.54453551912568,926.2,False
Bihar,maize,1981,691000.0,11,962.3729377713458,994.3983333333333,24.75945205479452,848.2,True
Bihar,maize,1982,652620.0,11,1253.5925115687537,962.3729377713458,25.499178082191783,751.9,True
Bihar,maize,1983,623290.0,11,1144.3941983667314,1253.5925115687537,25.32164383561644,881.7,True
Bihar,maize,1984,552830.0,11,1450.246484452725,1144.3941983667314,24.798907103825137,1262.8,False
Bihar,maize,1985,532560.0,11,1416.4049926768814,1450.246484452725,25.778356164383563,961.9,False
Bihar,maize,1986,522770.0,11,1545.213394609484,1416.4049926768814,25.286575342465756,1160.8,False
Bihar,maize,1987,538620.0,11,1237.197742564331,1545.213394609484,25.846575342465755,919.0,False
Bihar,maize,1988,572930.0,11,1682.0021119508492,1237.197742564331,25.701092896174863,924.8,False
Bihar,maize,1989,582780.0,11,1808.8990900511342,1682.0021119508492,25.141917808219176,1074.5,False
Bihar,maize,1990,550210.0,11,1708.6022642263863,1808.8990900511342,24.93205479452055,1263.5,False
Bihar,maize,1991,580890.0,11,2005.9726090998297,1708.6022642263863,25.49013698630137,725.4,True
Bihar,maize,1992,590620.0,11,1722.6993149571638,2005.9726090998297,25.819125683060108,664.6,True
Bihar,maize,1993,597910.0,11,2044.2035776287403,1722.6993149571638,25.52986301369863,901.0,False
Bihar,maize,1994,642670.0,11,2070.28582305071,2044.2035776287403,25.427671232876712,903.4,False
Bihar,maize,1995,558590.0,11,2031.6863558244866,2070.28582305071,25.60630136986301,986.7,False
Bihar,maize,1996,675580.0,11,2148.7447942508657,2031.6863558244866,25.424590163934425,1216.1,False
Bihar,maize,1997,604280.0,11,1987.6192347918184,2148.7447942508657,24.915342465753422,1331.0,False
Bihar,maize,1998,618790.0,11,1913.0361007773233,1987.6192347918184,25.316712328767125,1131.2,False
Bihar,maize,1999,639000.0,11,2230.0467292644757,1913.0361007773233,25.22849315068493,1230.1,False
Bihar,maize,2000,620000.0,11,2411.2888387096773,2230.0467292644757,25.035245901639342,887.4,False
Bihar,maize,2001,592000.0,11,2513.515,2411.2888387096773,24.979726027397263,947.0,False
Bihar,maize,2002,605000.0,11,2228.097917355372,2513.515,25.255616438356164,1030.4,False
Bihar,maize,2003,616000.0,11,2394.4791558441557,2228.097917355372,25.291506849315063,1275.6,False
Bihar,maize,2004,604630.0,11,2491.6560193837554,2394.4791558441557,25.377595628415303,903.5,False
Bihar,maize,2005,661300.0,11,2298.2769826100102,2491.6560193837554,25.673424657534245,867.6,True
Bihar,maize,2006,630240.0,11,2769.8486838347294,2298.2769826100102,25.865479452054792,1270.2,False
Bihar,maize,2007,621220.0,11,2795.741248510995,2769.8486838347294,25.434520547945205,1404.9,False
Bihar,maize,2008,441030.0,11,2578.1234809423395,2795.741248510995,25.56065573770492,1318.2,False
Bihar,maize,2009,640730.0,11,2410.422078878779,2578.1234809423395,26.22739726027397,1005.2,False
Bihar,maize,2010,653720.0,11,3224.958628923698,2410.422078878779,26.738904109589043,766.1,True
Bihar,maize,2011,696880.0,11,3669.3118612960625,3224.958628923698,25.36054794520548,1179.4,False
Bihar,maize,2012,693390.0,11,3974.6597362234816,3669.3118612960625,25.53087431693989,998.5,False
Bihar,maize,2013,732320.0,11,3965.832975065545,3974.6597362234816,24.9172602739726,1116.1,False
Bihar,maize,2014,706530.0,11,3508.372867818776,3965.832975065545,24.95342465753425,890.5,False
Bihar,maize,2015,704960.0,11,3570.6420358601904,3508.372867818776,25.74383561643836,866.5,True
Bihar,maize,2016,720910.0,11,5334.532854863992,3570.6420358601904,26.19207650273224,1151.1,False
Bihar,maize,2017,677450.0,11,4606.698585578271,5334.532854863992,25.46082191780822,983.6,False
Bihar,rice,1967,3492220.0,11,801.719014265997,324.70733678390377,25.78219178082192,865.6,True
Bihar,rice,1968,3761410.0,11,817.6185729287688,801.719014265997,25.078142076502733,1122.8,False
Bihar,rice,1969,3763850.0,11,630.2590591282861,817.6185729287688,25.56328767123288,975.7,False
Bihar,rice,1970,3503210.0,11,835.9920488066659,630.2590591282861,25.30356164383561,1125.6,False
Bihar,rice,1971,3674560.0,11,1048.8381199925977,835.9920488066659,24.287123287671232,1823.7,False
Bihar,rice,1972,3239970.0,11,1004.2714812174187,1048.8381199925977,25.96120218579235,874.0,True
Bihar,rice,1973,3430340.0,11,812.1684352862981,1004.2714812174187,25.61342465753425,1243.2,False
Bihar,rice,1974,3541120.0,11,909.1718065753207,812.1684352862981,25.715616438356168,1184.0,False
Bihar,rice,1975,3263520.0,10,834.2555614489876,909.1718065753207,25.48109589041096,1114.5,False
Bihar,rice,1976,3662420.0,11,939.5536591652514,834.2555614489876,25.631967213114752,992.7,False
Bihar,rice,1977,3844110.0,11,961.695685711387,939.5536591652514,25.371506849315068,1042.4,False
Bihar,rice,1978,3833000.0,11,993.7384789981737,961.695685711387,24.835342465753424,1036.8,False
Bihar,rice,1979,3564000.0,11,763.7485157126824,993.7384789981737,26.235342465753423,847.0,True
Bihar,rice,1980,3819000.0,11,1005.4992196910185,763.7485157126824,25.54453551912568,926.2,False
Bihar,rice,1981,3749000.0,11,857.829503867698,1005.4992196910185,24.75945205479452,848.2,True
Bihar,rice,1982,3094150.0,11,755.244621721636,857.829503867698,25.499178082191783,751.9,True
Bihar,rice,1983,3404050.0,11,1024.0179769098575,755.244621721636,25.32164383561644,881.7,True
Bihar,rice,1984,3614300.0,11,1085.421852557895,1024.0179769098575,24.798907103825137,1262.8,False
Bihar,rice,1985,3787970.0,11,1205.3614313207338,1085.421852557895,25.778356164383563,961.9,False
Bihar,rice,1986,3820790.0,11,1227.2897106095859,1205.3614313207338,25.286575342465756,1160.8,False
Bihar,rice,1987,3564640.0,11,942.919698819516,1227.2897106095859,25.846575342465755,919.0,False
Bihar,rice,1988,3789230.0,11,1304.8876237652505,942.919698819516,25.701092896174863,924.8,False
Bihar,rice,1989,3758760.0,11,1282.3898254211495,1304.8876237652505,25.141917808219176,1074.5,False
Bihar,rice,1990,3868060.0,11,1295.6623809868513,1282.3898254211495,24.93205479452055,1263.5,False
Bihar,rice,1991,3634020.0,11,1021.418481543855,1295.6623809868513,25.49013698630137,725.4,True
Bihar,rice,1992,3141680.0,11,845.395140370757,1021.418481543855,25.819125683060108,664.6,True
Bihar,rice,1993,3331000.0,11,1415.2967834884419,845.395140370757,25.52986301369863,901.0,False
Bihar,rice,1994,3412420.0,11,1359.742800446604,1415.2967834884419,25.427671232876712,903.4,False
Bihar,rice,1995,3559850.0,11,1375.6204954422237,1359.742800446604,25.60630136986301,986.7,False
Bihar,rice,1996,3540440.0,11,1578.8581262215998,1375.6204954422237,25.424590163934425,1216.1,False
Bihar,rice,1997,3621350.0,11,1489.795735292087,1578.8581262215998,24.915342465753422,1331.0,False
Bihar,rice,1998,3639360.0,11,1453.8751501362876,1489.795735292087,25.316712328767125,1131.2,False
Bihar,rice,1999,2658820.0,11,2074.1433756327997,1453.8751501362876,25.22849315068493,1230.1,False
Bihar,rice,2000,3657000.0,11,1488.6499316379545,2074.1433756327997,25.035245901639342,887.4,False
Bihar,rice,2001,3552000.0,11,1464.8076463963964,1488.6499316379545,24.979726027397263,947.0,False
Bihar,rice,2002,3585000.0,11,1418.410820083682,1464.8076463963964,25.255616438356164,1030.4,False
Bihar,rice,2003,3578010.0,11,1522.5893401918945,1418.410820083682,25.291506849315063,1275.6,False
Bihar,rice,2004,3140110.0,11,787.2837000296169,1522.5893401918945,25.377595628415303,903.5,False
Bihar,rice,2005,3251260.0,11,1140.8773048910268,787.2837000296169,25.673424657534245,867.6,True
Bihar,rice,2006,3364040.0,11,1494.6261055159866,1140.8773048910268,25.865479452054792,1270.2,False
Bihar,rice,2007,3543980.0,11,1262.2735548733344,1494.6261055159866,25.434520547945205,1404.9,False
Bihar,rice,2008,3295750.0,11,1620.3936239095806,1262.2735548733344,25.56065573770492,1318.2,False
Bihar,rice,2009,3213440.0,11,1128.3301503995717,1620.3936239095806,26.22739726027397,1005.2,False
Bihar,rice,2010,2845400.0,11,1093.9235484993324,1128.3301503995717,26.738904109589043,766.1,True
Bihar,rice,2011,3350950.0,11,2458.3992333218935,1093.9235484993324,25.36054794520548,1179.4,False
Bihar,rice,2012,3298890.0,11,2522.674037964285,2458.3992333218935,25.53087431693989,998.5,False
Bihar,rice,2013,3150800.0,11,2110.451022026152,2522.674037964285,24.9172602739726,1116.1,False
Bihar,rice,2014,3263420.0,11,2525.460074369833,2110.451022026152,24.95342465753425,890.5,False
Bihar,rice,2015,3232340.0,11,2104.4351453126837,2525.460074369833,25.74383561643836,866.5,True
Bihar,rice,2016,3339770.0,11,2466.860709300341,2104.4351453126837,26.19207650273224,1151.1,False
Bihar,rice,2017,3306980.0,11,2447.2927223630018,2466.860709300341,25.46082191780822,983.6,False
Chhattisgarh,chickpea,1967,91000.0,6,351.64670329670327,438.6567592592593,26.503013698630134,2106.7,False
Chhattisgarh,chickpea,1968,92400.0,6,432.8983333333333,351.64670329670327,26.15601092896175,1456.2,False
Chhattisgarh,chickpea,1969,94200.0,6,449.0438110403397,432.8983333333333,26.94904109589041,1367.7,False
Chhattisgarh,chickpea,1970,97300.0,6,530.3172661870503,449.0438110403397,26.092876712328767,2315.5,False
Chhattisgarh,chickpea,1971,94300.0,6,588.5497242841993,530.3172661870503,25.03068493150685,1496.0,False
Chhattisgarh,chickpea,1972,97100.0,6,556.128280123584,588.5497242841993,26.7120218579235,1536.3,False
Chhattisgarh,chickpea,1973,105800.0,6,523.63,556.128280123584,26.65753424657534,1774.2,False
Chhattisgarh,chickpea,1974,103300.0,6,596.3199806389158,523.63,26.658082191780824,951.3,True
Chhattisgarh,chickpea,1975,111500.0,6,499.55224215246636,596.3199806389158,26.44164383561644,1638.6,False
Chhattisgarh,chickpea,1976,97300.0,6,303.18676258992804,499.55224215246636,26.89972677595628,1213.7,False
Chhattisgarh,chickpea,1977,108200.0,6,352.1261829944547,303.18676258992804,26.66164383561644,1176.1,True
Chhattisgarh,chickpea,1978,104700.0,6,379.18198662846225,352.1261829944547,26.1827397260274,1486.4,False
Chhattisgarh,chickpea,1979,131200.0,6,279.72548780487807,379.18198662846225,27.55178082191781,868.0,True
Chhattisgarh,chickpea,1980,109000.0,6,385.3188348623853,279.72548780487807,26.932240437158477,1642.1,False
Chhattisgarh,chickpea,1981,122400.0,6,441.175816993464,385.3188348623853,26.06821917808219,1342.8,False
Chhattisgarh,chickpea,1982,144100.0,6,451.76797362942403,441.175816993464,26.463561643835614,1227.8,False
Chhattisgarh,chickpea,1983,136000.0,6,423.5284632352941,451.76797362942403,26.195890410958903,1264.2,False
Chhattisgarh,chickpea,1984,143600.0,6,460.30629526462394,423.5284632352941,26.224043715847,1293.7,False
Chhattisgarh,chickpea,1985,156800.0,6,470.028131377551,460.30629526462394,26.39452054794521,1588.2,False
Chhattisgarh,chickpea,1986,177000.0,6,548.0209604519774,470.028131377551,26.25890410958904,1589.4,False
Chhattisgarh,chickpea,1987,201500.0,6,422.3320347394541,548.0209604519774,26.61342465753425,1135.3,True
Chhattisgarh,chickpea,1988,210400.0,6,475.28602186311787,422.3320347394541,26.63879781420765,1174.0,True
Chhattisgarh,chickpea,1989,197100.0,6,508.87849822425164,475.28602186311787,26.34931506849315,1285.7,False
Chhattisgarh,chickpea,1990,200800.0,6,500.00293824701197,508.87849822425164,25.737534246575343,1867.2,False
Chhattisgarh,chickpea,1991,186700.0,6,638.4533797536154,500.00293824701197,26.44356164383561,1110.0,True
Chhattisgarh,chickpea,1992,179400.0,6,567.451248606466,638.4533797536154,26.45819672131148,1201.8,False
Chhattisgarh,chickpea,1993,181400.0,6,620.1755292171996,567.451248606466,26.46109589041096,1310.9,False
Chhattisgarh,chickpea,1994,198400.0,6,671.372908266129,620.1755292171996,26.085479452054795,2199.0,False
Chhattisgarh,chickpea,1995,195700.0,6,512.5153346959632,671.372908266129,25.99808219178082,1352.5,False
Chhattisgarh,chickpea,1996,184500.0,6,648.779566395664,512.5153346959632,26.96830601092896,855.8,True
Chhattisgarh,chickpea,1997,168800.0,6,437.7960663507109,648.779566395664,26.26821917808219,1457.1,False
Chhattisgarh,chickpea,1998,214300.0,6,592.1621488567429,437.7960663507109,26.10849315068493,1251.5,False
Chhattisgarh,chickpea,1999,176090.0,6,663.1445948094726,592.1621488567429,26.36219178082192,1331.3,False
Chhattisgarh,chickpea,2000,140080.0,6,514.991851798972,663.1445948094726,26.18032786885246,941.4,True
Chhattisgarh,chickpea,2001,169500.0,6,734.9250890855457,514.991851798972,26.25397260273973,1501.3,False
Chhattisgarh,chickpea,2002,175580.0,6,644.0345882218932,734.9250890855457,26.96575342465753,1070.0,True
Chhattisgarh,chickpea,2003,204690.0,6,964.044984610875,644.0345882218932,26.566027397260275,2149.8,False
Chhattisgarh,chickpea,2004,233340.0,6,512.9400034284735,964.044984610875,26.174590163934425,1191.2,False
Chhattisgarh,chickpea,2005,233340.0,6,512.9400034284735,512.9400034284735,26.62684931506849,1350.5,False
Chhattisgarh,chickpea,2006,242690.0,6,709.7520145040999,512.9400034284735,26.624931506849315,1069.3,True
Chhattisgarh,chickpea,2007,243520.0,6,872.2073336892247,709.7520145040999,26.503561643835614,1590.2,False
Chhattisgarh,chickpea,2008,237470.0,6,801.5319770918431,872.2073336892247,26.249726775956283,1394.3,False
Chhattisgarh,chickpea,2009,263920.0,6,872.1230073507124,801.5319770918431,27.55890410958904,1212.0,False
Chhattisgarh,chickpea,2010,224690.0,6,951.447874849793,872.1230073507124,27.251506849315067,1472.3,False
Chhattisgarh,chickpea,2011,260220.0,6,1002.0339604949659,951.447874849793,25.88739726027397,1357.6,False
Chhattisgarh,chickpea,2012,267870.0,6,1138.0883745846866,1002.0339604949659,26.20382513661202,1479.8,False
Chhattisgarh,chickpea,2013,289760.0,6,764.6357285339592,1138.0883745846866,25.856438356164382,1487.6,False
Chhattisgarh,chickpea,2014,293270.0,6,1060.8984816039826,764.6357285339592,26.404931506849312,1276.7,False
Chhattisgarh,chickpea,2015,280920.0,6,779.0881243770468,1060.8984816039826,26.63945205479452,1155.0,True
Chhattisgarh,chickpea,2016,290660.0,6,1163.9984841395444,779.0881243770468,26.797814207650276,1414.3,False
Chhattisgarh,chickpea,2017,335020.0,6,989.9940505044475,1163.9984841395444,26.684931506849317,1330.5,False
Chhattisgarh,maize,1967,82000.0,6,1451.2228048780487,1303.7978481012658,26.503013698630134,2106.7,False
Chhattisgarh,maize,1968,83400.0,6,899.2801678657074,1451.2228048780487,26.15601092896175,1456.2,False
Chhattisgarh,maize,1969,84000.0,6,938.0954523809523,899.2801678657074,26.94904109589041,1367.7,False
Chhattisgarh,maize,1970,84700.0,6,1420.3083589138134,938.0954523809523,26.092876712328767,2315.5,False
Chhattisgarh,maize,1971,86400.0,6,1010.4172222222222,1420.3083589138134,25.03068493150685,1496.0,False
Chhattisgarh,maize,1972,87300.0,6,1101.9493127147766,1010.4172222222222,26.7120218579235,1536.3,False
Chhattisgarh,maize,1973,88600.0,6,1243.7941986455983,1101.9493127147766,26.65753424657534,1774.2,False
Chhattisgarh,maize,1974,89700.0,6,1193.978104793757,1243.7941986455983,26.658082191780824,951.3,True
Chhattisgarh,maize,1975,91700.0,6,1035.9874045801528,1193.978104793757,26.44164383561644,1638.6,False
Chhattisgarh,maize,1976,92200.0,6,1171.366529284165,1035.9874045801528,26.89972677595628,1213.7,False
Chhattisgarh,maize,1977,94200.0,6,811.0416135881104,1171.366529284165,26.66164383561644,1176.1,True
Chhattisgarh,maize,1978,92800.0,6,968.7490409482758,811.0416135881104,26.1827397260274,1486.4,False
Chhattisgarh,maize,1979,90900.0,6,1062.7066336633663,968.7490409482758,27.55178082191781,868.0,True
Chhattisgarh,maize,1980,92800.0,6,1052.8023706896552,1062.7066336633663,26.932240437158477,1642.1,False
Chhattisgarh,maize,1981,91800.0,6,945.5343137254902,1052.8023706896552,26.06821917808219,1342.8,False
Chhattisgarh,maize,1982,91800.0,6,1164.4850762527233,945.5343137254902,26.463561643835614,1227.8,False
Chhattisgarh,maize,1983,93800.0,6,1421.1092750533048,1164.4850762527233,26.195890410958903,1264.2,False
Chhattisgarh,maize,1984,97000.0,6,1204.1231752577319,1421.1092750533048,26.224043715847,1293.7,False
Chhattisgarh,maize,1985,98500.0,6,1048.731228426396,1204.1231752577319,26.39452054794521,1588.2,False
Chhattisgarh,maize,1986,99000.0,6,939.3974747474748,1048.731228426396,26.25890410958904,1589.4,False
Chhattisgarh,maize,1987,99900.0,6,1109.1108308308308,939.3974747474748,26.61342465753425,1135.3,True
Chhattisgarh,maize,1988,99700.0,6,1350.051594784353,1109.1108308308308,26.63879781420765,1174.0,True
Chhattisgarh,maize,1989,99700.0,6,1499.497111334002,1350.051594784353,26.34931506849315,1285.7,False
Chhattisgarh,maize,1990,98700.0,6,1121.5774366767985,1499.497111334002,25.737534246575343,1867.2,False
Chhattisgarh,maize,1991,99000.0,6,1238.3835656565657,1121.5774366767985,26.44356164383561,1110.0,True
Chhattisgarh,maize,1992,100100.0,6,1415.5867232767232,1238.3835656565657,26.45819672131148,1201.8,False
Chhattisgarh,maize,1993,99700.0,6,1400.2008224674023,1415.5867232767232,26.46109589041096,1310.9,False
Chhattisgarh,maize,1994,93200.0,6,818.6716416309013,1400.2008224674023,26.085479452054795,2199.0,False
Chhattisgarh,maize,1995,94600.0,6,1533.8270507399577,818.6716416309013,25.99808219178082,1352.5,False
Chhattisgarh,maize,1996,92500.0,6,1294.0540648648648,1533.8270507399577,26.96830601092896,855.8,True
Chhattisgarh,maize,1997,92100.0,6,1193.2693919652552,1294.0540648648648,26.26821917808219,1457.1,False
Chhattisgarh,maize,1998,114100.0,6,1462.7611577563541,1193.2693919652552,26.10849315068493,1251.5,False
Chhattisgarh,maize,1999,93920.0,6,1642.24586137138,1462.7611577563541,26.36219178082192,1331.3,False
Chhattisgarh,maize,2000,93380.0,6,1345.9034354251446,1642.24586137138,26.18032786885246,941.4,True
Chhattisgarh,maize,2001,93840.0,6,742.8634121909632,1345.9034354251446,26.25397260273973,1501.3,False
Chhattisgarh,maize,2002,93960.0,6,1304.8118827160495,742.8634121909632,26.96575342465753,1070.0,True
Chhattisgarh,maize,2003,98590.0,6,1369.9270696825238,1304.8118827160495,26.566027397260275,2149.8,False
Chhattisgarh,maize,2004,97860.0,6,1430.1075485387287,1369.9270696825238,26.174590163934425,1191.2,False
Chhattisgarh,maize,2005,97860.0,6,1430.1075485387287,1430.1075485387287,26.62684931506849,1350.5,False
Chhattisgarh,maize,2006,101600.0,6,1078.5429124015748,1430.1075485387287,26.624931506849315,1069.3,True
Chhattisgarh,maize,2007,100590.0,6,1562.2838731484244,1078.5429124015748,26.503561643835614,1590.2,False
Chhattisgarh,maize,2008,99400.0,6,1407.144690140845,1562.2838731484244,26.249726775956283,1394.3,False
Chhattisgarh,maize,2009,101720.0,6,1429.2237092017301,1407.144690140845,27.55890410958904,1212.0,False
Chhattisgarh,maize,2010,102700.0,6,1807.2122667964948,1429.2237092017301,27.251506849315067,1472.3,False
Chhattisgarh,maize,2011,107440.0,6,1655.0628034251674,1807.2122667964948,25.88739726027397,1357.6,False
Chhattisgarh,maize,2012,116840.0,6,1926.823501369394,1655.0628034251674,26.20382513661202,1479.8,False
Chhattisgarh,maize,2013,123590.0,6,2059.228691641719,1926.823501369394,25.856438356164382,1487.6,False
Chhattisgarh,maize,2014,125060.0,6,1879.4216040300657,2059.228691641719,26.404931506849312,1276.7,False
Chhattisgarh,maize,2015,126380.0,6,1880.9956844437413,1879.4216040300657,26.63945205479452,1155.0,True
Chhattisgarh,maize,2016,120550.0,6,2565.981454997926,1880.9956844437413,26.797814207650276,1414.3,False
Chhattisgarh,maize,2017,119620.0,6,2565.986748871426,2565.981454997926,26.684931506849317,1330.5,False
Chhattisgarh,rice,1967,2922000.0,6,807.3220739219712,526.2784575747166,26.503013698630134,2106.7,False
Chhattisgarh,rice,1968,2964200.0,6,751.6340641657108,807.3220739219712,26.15601092896175,1456.2,False
Chhattisgarh,rice,1969,2983100.0,6,770.8774027018873,751.6340641657108,26.94904109589041,1367.7,False
Chhattisgarh,rice,1970,3014200.0,6,911.4533355450866,770.8774027018873,26.092876712328767,2315.5,False
Chhattisgarh,rice,1971,3049300.0,6,831.6655943987145,911.4533355450866,25.03068493150685,1496.0,False
Chhattisgarh,rice,1972,3062700.0,6,735.2989306820779,831.6655943987145,26.7120218579235,1536.3,False
Chhattisgarh,rice,1973,3103400.0,6,818.1017690275182,735.2989306820779,26.65753424657534,1774.2,False
Chhattisgarh,rice,1974,3090600.0,6,580.4381550507992,818.1017690275182,26.658082191780824,951.3,True
Chhattisgarh,rice,1975,3122000.0,6,873.8007629724535,580.4381550507992,26.44164383561644,1638.6,False
Chhattisgarh,rice,1976,3124600.0,6,629.6489701081739,873.8007629724535,26.89972677595628,1213.7,False
Chhattisgarh,rice,1977,3166600.0,6,1015.5692335628119,629.6489701081739,26.66164383561644,1176.1,True
Chhattisgarh,rice,1978,3220500.0,6,760.6915904362677,1015.5692335628119,26.1827397260274,1486.4,False
Chhattisgarh,rice,1979,3220300.0,6,466.35353507437196,760.6915904362677,27.55178082191781,868.0,True
Chhattisgarh,rice,1980,3299900.0,6,863.1469911209431,466.35353507437196,26.932240437158477,1642.1,False
Chhattisgarh,rice,1981,3296900.0,6,853.5889371834147,863.1469911209431,26.06821917808219,1342.8,False
Chhattisgarh,rice,1982,3289000.0,6,730.8608303435694,853.5889371834147,26.463561643835614,1227.8,False
Chhattisgarh,rice,1983,3323800.0,6,1008.6640122751068,730.8608303435694,26.195890410958903,1264.2,False
Chhattisgarh,rice,1984,3332800.0,6,882.6540014402304,1008.6640122751068,26.224043715847,1293.7,False
Chhattisgarh,rice,1985,3386100.0,6,1291.0418505064824,882.6540014402304,26.39452054794521,1588.2,False
Chhattisgarh,rice,1986,3453000.0,6,952.7961859252823,1291.0418505064824,26.25890410958904,1589.4,False
Chhattisgarh,rice,1987,3422000.0,6,932.2032641729983,952.7961859252823,26.61342465753425,1135.3,True
Chhattisgarh,rice,1988,3461300.0,6,1022.2157108600815,932.2032641729983,26.63879781420765,1174.0,True
Chhattisgarh,rice,1989,3513100.0,6,1025.5048808744414,1022.2157108600815,26.34931506849315,1285.7,False
Chhattisgarh,rice,1990,3562400.0,6,1208.0037873343813,1025.5048808744414,25.737534246575343,1867.2,False
Chhattisgarh,rice,1991,3573000.0,6,1195.18622418136,1208.0037873343813,26.44356164383561,1110.0,True
Chhattisgarh,rice,1992,3587900.0,6,1142.0614231165864,1195.18622418136,26.45819672131148,1201.8,False
Chhattisgarh,rice,1993,3653900.0,6,1263.6647866663018,1142.0614231165864,26.46109589041096,1310.9,False
Chhattisgarh,rice,1994,3737500.0,6,1338.7847381939798,1263.6647866663018,26.085479452054795,2199.0,False
Chhattisgarh,rice,1995,3721600.0,6,1243.3631078030955,1338.7847381939798,25.99808219178082,1352.5,False
Chhattisgarh,rice,1996,3694600.0,6,1324.0698773886213,1243.3631078030955,26.96830601092896,855.8,True
Chhattisgarh,rice,1997,3770300.0,6,875.0233456223642,1324.0698773886213,26.26821917808219,1457.1,False
Chhattisgarh,rice,1998,4030900.0,6,853.4574325336774,875.0233456223642,26.10849315068493,1251.5,False
Chhattisgarh,rice,1999,3902950.0,6,1295.24353340422,853.4574325336774,26.36219178082192,1331.3,False
Chhattisgarh,rice,2000,3769760.0,6,628.5068457673698,1295.24353340422,26.18032786885246,941.4,True
Chhattisgarh,rice,2001,3810110.0,6,1331.649498885859,628.5068457673698,26.25397260273973,1501.3,False
Chhattisgarh,rice,2002,3777660.0,6,697.488604162365,1331.649498885859,26.96575342465753,1070.0,True
Chhattisgarh,rice,2003,3828990.0,6,1454.0762015048356,697.488604162365,26.566027397260275,2149.8,False
Chhattisgarh,rice,2004,3843870.0,6,1193.277646382422,1454.0762015048356,26.174590163934425,1191.2,False
Chhattisgarh,rice,2005,3843870.0,6,1193.277646382422,1193.277646382422,26.62684931506849,1350.5,False
Chhattisgarh,rice,2006,3763640.0,6,1410.1675699588695,1193.277646382422,26.624931506849315,1069.3,True
Chhattisgarh,rice,2007,3902900.0,6,1443.7921885264802,1410.1675699588695,26.503561643835614,1590.2,False
Chhattisgarh,rice,2008,3928830.0,6,1198.1930493047548,1443.7921885264802,26.249726775956283,1394.3,False
Chhattisgarh,rice,2009,3837600.0,6,1132.8191496247655,1198.1930493047548,27.55890410958904,1212.0,False
Chhattisgarh,rice,2010,3827210.0,6,1660.8961955314708,1132.8191496247655,27.251506849315067,1472.3,False
Chhattisgarh,rice,2011,3939830.0,6,1599.2631020373976,1660.8961955314708,25.88739726027397,1357.6,False
Chhattisgarh,rice,2012,3982180.0,6,1970.8834573776173,1599.2631020373976,26.20382513661202,1479.8,False
Chhattisgarh,rice,2013,3987750.0,6,1781.1425701962257,1970.8834573776173,25.856438356164382,1487.6,False
Chhattisgarh,rice,2014,4035730.0,6,1976.7838321939278,1781.1425701962257,26.404931506849312,1276.7,False
Chhattisgarh,rice,2015,3959750.0,6,1301.6821765010418,1976.7838321939278,26.63945205479452,1155.0,True
Chhattisgarh,rice,2016,4052580.0,6,2169.7928127513833,1301.6821765010418,26.797814207650276,1414.3,False
Chhattisgarh,rice,2017,3976630.0,6,1445.7113513200877,2169.7928127513833,26.684931506849317,1330.5,False
Gujarat,chickpea,1967,43600.0,15,577.9801834862385,303.43110817941954,25.914520547945205,684.6,False
Gujarat,chickpea,1968,41200.0,13,492.71587378640777,577.9801834862385,26.08688524590164,223.4,True
Gujarat,chickpea,1969,53400.0,16,475.65430711610486,492.71587378640777,26.955616438356163,130.7,True
Gujarat,chickpea,1970,72600.0,18,756.2012396694215,475.65430711610486,25.82821917808219,524.1,False
Gujarat,chickpea,1971,66600.0,17,572.0705105105105,756.2012396694215,25.8586301369863,371.7,False
Gujarat,chickpea,1972,30500.0,17,836.0649180327869,572.0705105105105,26.504918032786883,138.4,True
Gujarat,chickpea,1973,71100.0,15,891.7008579465542,836.0649180327869,26.215342465753427,380.2,False
Gujarat,chickpea,1974,38500.0,16,418.17948051948053,891.7008579465542,26.565753424657533,181.8,True
Gujarat,chickpea,1975,82600.0,18,659.8071307506053,418.17948051948053,25.293150684931508,553.8,False
Gujarat,chickpea,1976,83700.0,17,612.9012305854242,659.8071307506053,25.749180327868853,502.0,False
Gujarat,chickpea,1977,69600.0,17,602.0126867816092,612.9012305854242,26.429315068493157,432.6,False
Gujarat,chickpea,1978,68200.0,17,865.1034164222874,602.0126867816092,25.62164383561644,365.5,False
Gujarat,chickpea,1979,74100.0,17,484.47939271255063,865.1034164222874,25.615342465753425,783.2,False
Gujarat,chickpea,1980,86600.0,17,627.0213048498845,484.47939271255063,25.946174863387977,458.0,False
Gujarat,chickpea,1981,102800.0,17,812.257266536965,627.0213048498845,25.61917808219178,545.9,False
Gujarat,chickpea,1982,140100.0,17,945.7535331905782,812.257266536965,25.919726027397264,488.1,False
Gujarat,chickpea,1983,114200.0,17,1070.0521628721542,945.7535331905782,25.151780821917807,854.0,False
Gujarat,chickpea,1984,115700.0,18,874.6761019878998,1070.0521628721542,25.7103825136612,362.6,True
Gujarat,chickpea,1985,80500.0,16,566.4586086956522,874.6761019878998,26.316438356164383,320.8,True
Gujarat,chickpea,1986,43900.0,15,635.5349202733486,566.4586086956522,26.46986301369863,105.6,True
Gujarat,chickpea,1987,20200.0,9,594.0579207920792,635.5349202733486,27.50109589041096,150.7,True
Gujarat,chickpea,1988,107500.0,18,609.3001209302325,594.0579207920792,26.47349726775956,834.4,False
Gujarat,chickpea,1989,109700.0,18,605.2858796718323,609.3001209302325,25.635342465753425,526.7,False
Gujarat,chickpea,1990,129500.0,17,616.987637065637,605.2858796718323,26.00657534246575,630.6,False
Gujarat,chickpea,1991,80100.0,16,585.5187890137329,616.987637065637,26.45205479452055,160.6,True
Gujarat,chickpea,1992,105100.0,18,635.5832350142721,585.5187890137329,25.79207650273224,612.9,False
Gujarat,chickpea,1993,89300.0,17,572.2308510638297,635.5832350142721,26.66986301369863,393.7,False
Gujarat,chickpea,1994,138000.0,15,818.8411594202898,572.2308510638297,25.89835616438356,1055.0,False
Gujarat,chickpea,1995,89600.0,17,598.2156026785714,818.8411594202898,26.46794520547945,247.6,True
Gujarat,chickpea,1996,135300.0,17,699.9236881005173,598.2156026785714,26.28169398907104,415.0,False
Gujarat,chickpea,1997,120800.0,18,807.1188079470198,699.9236881005173,25.57890410958904,492.8,False
Gujarat,chickpea,1998,127200.0,18,832.5449716981133,807.1188079470198,26.22027397260274,561.6,False
Gujarat,chickpea,1999,81900.0,18,511.6021978021978,832.5449716981133,26.025205479452055,419.7,False
Gujarat,chickpea,2000,25400.0,18,468.50307086614174,511.6021978021978,26.39071038251366,380.8,False
Gujarat,chickpea,2001,46700.0,18,554.6022698072805,468.50307086614174,25.936986301369863,888.0,False
Gujarat,chickpea,2002,57500.0,17,533.9026817391305,554.6022698072805,26.434520547945205,316.0,True
Gujarat,chickpea,2003,149600.0,17,884.3516243315509,533.9026817391305,26.115068493150684,567.8,False
Gujarat,chickpea,2004,122700.0,17,802.7695729421353,884.3516243315509,26.098360655737704,727.7,False
Gujarat,chickpea,2005,125600.0,18,1005.5721878980892,802.7695729421353,25.38109589041096,856.8,False
Gujarat,chickpea,2006,197000.0,18,950.2552487309645,1005.5721878980892,25.8972602739726,809.4,False
Gujarat,chickpea,2007,214800.0,18,978.5815623836127,950.2552487309645,26.014520547945203,930.6,False
Gujarat,chickpea,2008,175400.0,18,1007.9800524515392,978.5815623836127,25.479508196721312,1075.8,False
Gujarat,chickpea,2009,132200.0,18,944.7821785173979,1007.9800524515392,26.56821917808219,800.3000000000001,False
Gujarat,chickpea,2010,175500.0,18,1138.4632102564103,944.7821785173979,26.30821917808219,912.0,False
Gujarat,chickpea,2011,239900.0,18,1139.2250437682367,1138.4632102564103,25.91397260273973,796.0,False
Gujarat,chickpea,2012,136100.0,18,977.9578912564291,1139.2250437682367,25.76857923497268,367.1,False
Gujarat,chickpea,2013,241660.0,18,1235.8273392369445,977.9578912564291,25.31835616438356,871.8,False
Gujarat,chickpea,2014,164010.0,17,1023.4301115785622,1235.8273392369445,26.01506849315069,479.1,False
Gujarat,chickpea,2015,114140.0,18,886.1908498335378,1023.4301115785622,26.48301369863013,442.5,False
Gujarat,chickpea,2016,164390.0,18,1124.582169231705,886.1908498335378,26.23306010928961,472.7,False
Gujarat,chickpea,2017,292770.0,18,1285.232368070499,1124.582169231705,26.546849315068496,743.7,False
Gujarat,maize,1967,267100.0,15,1187.1973043803819,670.0933942161339,25.914520547945205,684.6,False
Gujarat,maize,1968,268100.0,15,543.8306154419993,1187.1973043803819,26.08688524590164,223.4,True
Gujarat,maize,1969,262500.0,15,1007.6190247619047,543.8306154419993,26.955616438356163,130.7,True
Gujarat,maize,1970,264100.0,16,1632.7167890950398,1007.6190247619047,25.82821917808219,524.1,False
Gujarat,maize,1971,265800.0,16,1574.4887246049661,1632.7167890950398,25.8586301369863,371.7,False
Gujarat,maize,1972,272200.0,15,1039.3067964731815,1574.4887246049661,26.504918032786883,138.4,True
Gujarat,maize,1973,285300.0,16,743.4297861899755,1039.3067964731815,26.215342465753427,380.2,False
Gujarat,maize,1974,298600.0,17,719.0221131949096,743.4297861899755,26.565753424657533,181.8,True
Gujarat,maize,1975,311500.0,17,1757.3037913322632,719.0221131949096,25.293150684931508,553.8,False
Gujarat,maize,1976,304400.0,15,777.2658278580815,1757.3037913322632,25.749180327868853,502.0,False
Gujarat,maize,1977,289500.0,16,463.9053816925734,777.2658278580815,26.429315068493157,432.6,False
Gujarat,maize,1978,293700.0,16,831.80405175349,463.9053816925734,25.62164383561644,365.5,False
Gujarat,maize,1979,300500.0,15,461.23089850249585,831.80405175349,25.615342465753425,783.2,False
Gujarat,maize,1980,305300.0,15,1320.0152964297413,461.23089850249585,25.946174863387977,458.0,False
Gujarat,maize,1981,307800.0,15,1287.198219623132,1320.0152964297413,25.61917808219178,545.9,False
Gujarat,maize,1982,302100.0,16,1012.9079410791129,1287.198219623132,25.919726027397264,488.1,False
Gujarat,maize,1983,313100.0,15,1519.3224624720538,1012.9079410791129,25.151780821917807,854.0,False
Gujarat,maize,1984,310000.0,16,1237.4192322580645,1519.3224624720538,25.7103825136612,362.6,True
Gujarat,maize,1985,316400.0,15,361.25209544879897,1237.4192322580645,26.316438356164383,320.8,True
Gujarat,maize,1986,318600.0,15,1376.6497175141244,361.25209544879897,26.46986301369863,105.6,True
Gujarat,maize,1987,276500.0,14,339.6026184448463,1376.6497175141244,27.50109589041096,150.7,True
Gujarat,maize,1988,337200.0,14,1352.0164383155397,339.6026184448463,26.47349726775956,834.4,False
Gujarat,maize,1989,323300.0,16,1486.233250850603,1352.0164383155397,25.635342465753425,526.7,False
Gujarat,maize,1990,366200.0,13,1406.33370780994,1486.233250850603,26.00657534246575,630.6,False
Gujarat,maize,1991,383400.0,14,942.0972222222222,1406.33370780994,26.45205479452055,160.6,True
Gujarat,maize,1992,382900.0,13,1535.1232358318098,942.0972222222222,25.79207650273224,612.9,False
Gujarat,maize,1993,388300.0,13,1011.5909142415658,1535.1232358318098,26.66986301369863,393.7,False
Gujarat,maize,1994,373590.0,11,891.3524417141787,1011.5909142415658,25.89835616438356,1055.0,False
Gujarat,maize,1995,415410.0,14,1029.8527122601768,891.3524417141787,26.46794520547945,247.6,True
Gujarat,maize,1996,398600.0,16,1549.6729879578525,1029.8527122601768,26.28169398907104,415.0,False
Gujarat,maize,1997,430800.0,13,1660.4013361188488,1549.6729879578525,25.57890410958904,492.8,False
Gujarat,maize,1998,442400.0,13,1694.847846745027,1660.4013361188488,26.22027397260274,561.6,False
Gujarat,maize,1999,445600.0,14,1316.8752468581688,1694.847846745027,26.025205479452055,419.7,False
Gujarat,maize,2000,462000.0,13,799.5643683982685,1316.8752468581688,26.39071038251366,380.8,False
Gujarat,maize,2001,490400.0,13,1968.7990387438826,799.5643683982685,25.936986301369863,888.0,False
Gujarat,maize,2002,504400.0,13,1684.1795816812055,1968.7990387438826,26.434520547945205,316.0,True
Gujarat,maize,2003,484400.0,13,1717.384397398844,1684.1795816812055,26.115068493150684,567.8,False
Gujarat,maize,2004,459500.0,14,897.7158237214363,1717.384397398844,26.098360655737704,727.7,False
Gujarat,maize,2005,456900.0,14,1581.0886999343402,897.7158237214363,25.38109589041096,856.8,False
Gujarat,maize,2006,447700.0,14,673.889270716998,1581.0886999343402,25.8972602739726,809.4,False
Gujarat,maize,2007,424000.0,14,1375.238488207547,673.889270716998,26.014520547945203,930.6,False
Gujarat,maize,2008,418900.0,14,1438.527590116973,1375.238488207547,25.479508196721312,1075.8,False
Gujarat,maize,2009,411700.0,15,963.319880981297,1438.527590116973,26.56821917808219,800.3000000000001,False
Gujarat,maize,2010,565500.0,15,1729.6203584438551,963.319880981297,26.30821917808219,912.0,False
Gujarat,maize,2011,515890.0,11,1524.7190874023531,1729.6203584438551,25.91397260273973,796.0,False
Gujarat,maize,2012,457800.0,14,1726.954359108781,1524.7190874023531,25.76857923497268,367.1,False
Gujarat,maize,2013,432430.0,15,1461.9013074948546,1726.954359108781,25.31835616438356,871.8,False
Gujarat,maize,2014,394350.0,16,1442.4883945733484,1461.9013074948546,26.01506849315069,479.1,False
Gujarat,maize,2015,391930.0,16,1552.5972997729184,1442.4883945733484,26.48301369863013,442.5,False
Gujarat,maize,2016,449880.0,17,1868.7171041166534,1552.5972997729184,26.23306010928961,472.7,False
Gujarat,maize,2017,399990.0,15,1786.9303522588066,1868.7171041166534,26.546849315068496,743.7,False
Gujarat,rice,1967,509000.0,17,909.6264833005894,590.7847647058824,25.914520547945205,684.6,False
Gujarat,rice,1968,494600.0,17,751.9211261625557,909.6264833005894,26.08688524590164,223.4,True
Gujarat,rice,1969,471300.0,17,933.3750477402928,751.9211261625557,26.955616438356163,130.7,True
Gujarat,rice,1970,512300.0,17,1230.7240113214914,933.3750477402928,25.82821917808219,524.1,False
Gujarat,rice,1971,516200.0,17,1084.0765207283998,1230.7240113214914,25.8586301369863,371.7,False
Gujarat,rice,1972,487300.0,16,474.6571721731993,1084.0765207283998,26.504918032786883,138.4,True
Gujarat,rice,1973,443400.0,17,1056.8333378439334,474.6571721731993,26.215342465753427,380.2,False
Gujarat,rice,1974,396400.0,15,540.3624041372351,1056.8333378439334,26.565753424657533,181.8,True
Gujarat,rice,1975,458500.0,17,1232.0614569247546,540.3624041372351,25.293150684931508,553.8,False
Gujarat,rice,1976,469000.0,17,1196.8021812366737,1232.0614569247546,25.749180327868853,502.0,False
Gujarat,rice,1977,490300.0,17,1332.8572180297776,1196.8021812366737,26.429315068493157,432.6,False
Gujarat,rice,1978,459800.0,17,1162.4625380600262,1332.8572180297776,25.62164383561644,365.5,False
Gujarat,rice,1979,458200.0,17,954.1689611523352,1162.4625380600262,25.615342465753425,783.2,False
Gujarat,rice,1980,477500.0,17,1174.6603518324607,954.1689611523352,25.946174863387977,458.0,False
Gujarat,rice,1981,498900.0,17,1476.6479314491883,1174.6603518324607,25.61917808219178,545.9,False
Gujarat,rice,1982,476100.0,17,1026.886448225163,1476.6479314491883,25.919726027397264,488.1,False
Gujarat,rice,1983,540300.0,17,1396.076809180085,1026.886448225163,25.151780821917807,854.0,False
Gujarat,rice,1984,566100.0,17,1480.659198021551,1396.076809180085,25.7103825136612,362.6,True
Gujarat,rice,1985,498000.0,16,923.6952630522088,1480.659198021551,26.316438356164383,320.8,True
Gujarat,rice,1986,512000.0,16,873.2412890625,923.6952630522088,26.46986301369863,105.6,True
Gujarat,rice,1987,349700.0,15,814.9832999714041,873.2412890625,27.50109589041096,150.7,True
Gujarat,rice,1988,534000.0,15,1621.7226554307117,814.9832999714041,26.47349726775956,834.4,False
Gujarat,rice,1989,602900.0,15,1353.954151600597,1621.7226554307117,25.635342465753425,526.7,False
Gujarat,rice,1990,623000.0,15,1589.7289894060996,1353.954151600597,26.00657534246575,630.6,False
Gujarat,rice,1991,671100.0,15,1212.189123081508,1589.7289894060996,26.45205479452055,160.6,True
Gujarat,rice,1992,679800.0,15,1465.1380479552809,1212.189123081508,25.79207650273224,612.9,False
Gujarat,rice,1993,687900.0,15,1396.2778485244949,1465.1380479552809,26.66986301369863,393.7,False
Gujarat,rice,1994,720000.0,12,1554.1684769444446,1396.2778485244949,25.89835616438356,1055.0,False
Gujarat,rice,1995,726390.0,15,1504.818921653657,1554.1684769444446,26.46794520547945,247.6,True
Gujarat,rice,1996,641600.0,15,1475.0612422069826,1504.818921653657,26.28169398907104,415.0,False
Gujarat,rice,1997,756000.0,13,1619.4420634920634,1475.0612422069826,25.57890410958904,492.8,False
Gujarat,rice,1998,729200.0,12,1891.5280060340099,1619.4420634920634,26.22027397260274,561.6,False
Gujarat,rice,1999,719700.0,14,1449.6284724190634,1891.5280060340099,26.025205479452055,419.7,False
Gujarat,rice,2000,689300.0,13,895.5448716088786,1449.6284724190634,26.39071038251366,380.8,False
Gujarat,rice,2001,698000.0,12,1501.4309277936961,895.5448716088786,25.936986301369863,888.0,False
Gujarat,rice,2002,628700.0,12,1333.7088562112297,1501.4309277936961,26.434520547945205,316.0,True
Gujarat,rice,2003,651400.0,11,1831.747521952717,1333.7088562112297,26.115068493150684,567.8,False
Gujarat,rice,2004,679400.0,10,1761.1128438327935,1831.747521952717,26.098360655737704,727.7,False
Gujarat,rice,2005,672900.0,11,1907.5633746470503,1761.1128438327935,25.38109589041096,856.8,False
Gujarat,rice,2006,689300.0,11,1655.58904308719,1907.5633746470503,25.8972602739726,809.4,False
Gujarat,rice,2007,758600.0,11,1943.3190754020563,1655.58904308719,26.014520547945203,930.6,False
Gujarat,rice,2008,747300.0,11,1743.4770835006022,1943.3190754020563,25.479508196721312,1075.8,False
Gujarat,rice,2009,679500.0,11,1902.867114790287,1743.4770835006022,26.56821917808219,800.3000000000001,False
Gujarat,rice,2010,808100.0,10,2061.3781880955326,1902.867114790287,26.30821917808219,912.0,False
Gujarat,rice,2011,835500.0,12,2142.0706372232194,2061.3781880955326,25.91397260273973,796.0,False
Gujarat,rice,2012,701100.0,11,2135.6414153473115,2142.0706372232194,25.76857923497268,367.1,False
Gujarat,rice,2013,820390.0,11,2167.381425663404,2135.6414153473115,25.31835616438356,871.8,False
Gujarat,rice,2014,794460.0,10,2229.914461143418,2167.381425663404,26.01506849315069,479.1,False
Gujarat,rice,2015,774220.0,12,2185.276929038258,2229.914461143418,26.48301369863013,442.5,False
Gujarat,rice,2016,847600.0,11,2345.9735089664932,2185.276929038258,26.23306010928961,472.7,False
Gujarat,rice,2017,855290.0,11,2209.5538314489822,2345.9735089664932,26.546849315068496,743.7,False
Haryana,chickpea,1967,1179000.0,7,1090.7545716709076,502.7676937269373,24.604657534246577,759.3,False
Haryana,chickpea,1968,629000.0,6,779.0137678855326,1090.7545716709076,25.2103825136612,349.2,True
Haryana,chickpea,1969,1003400.0,6,1048.4341947378912,779.0137678855326,25.6172602739726,520.3,False
Haryana,chickpea,1970,1063200.0,7,727.9916629044394,1048.4341947378912,25.059726027397257,676.8,False
Haryana,chickpea,1971,1119000.0,7,590.7070384271672,727.9916629044394,24.85561643835616,476.6,False
Haryana,chickpea,1972,1082100.0,7,482.39377506699935,590.7070384271672,25.24234972677596,551.0,False
Haryana,chickpea,1973,994000.0,7,453.7216237424547,482.39377506699935,25.27753424657534,578.2,False
Haryana,chickpea,1974,704200.0,7,484.2368347060494,453.7216237424547,25.526575342465755,316.7,True
Haryana,chickpea,1975,1106200.0,7,821.7337922617971,484.2368347060494,24.29534246575342,703.6,False
Haryana,chickpea,1976,1029100.0,7,806.5304343601205,821.7337922617971,24.406284153005465,886.6,False
Haryana,chickpea,1977,1150100.0,7,838.185688201026,806.5304343601205,24.427671232876712,717.1,False
Haryana,chickpea,1978,1066300.0,7,974.3988802400826,838.185688201026,24.01095890410959,576.9,False
Haryana,chickpea,1979,553000.0,7,571.427904159132,974.3988802400826,25.18849315068493,345.4,True
Haryana,chickpea,1980,741000.0,7,628.8803414304994,571.427904159132,25.09262295081967,466.7,False
Haryana,chickpea,1981,1044000.0,7,295.9756819923372,628.8803414304994,24.896164383561644,405.8,False
Haryana,chickpea,1982,509000.0,7,554.0254675834971,295.9756819923372,24.063287671232878,565.9,False
Haryana,chickpea,1983,647000.0,7,487.0142936630603,554.0254675834971,23.498356164383562,718.8,False
Haryana,chickpea,1984,621000.0,7,512.0781706924315,487.0142936630603,24.956557377049183,342.1,True
Haryana,chickpea,1985,758100.0,7,820.4745851470782,512.0781706924315,25.380000000000003,391.8,False
Haryana,chickpea,1986,610000.0,7,677.0486803278689,820.4745851470782,24.702191780821916,419.6,False
Haryana,chickpea,1987,200000.0,7,330.00195,677.0486803278689,26.132602739726025,189.8,True
Haryana,chickpea,1988,645000.0,7,936.4333162790698,330.00195,25.395628415300543,490.8,False
Haryana,chickpea,1989,526000.0,7,718.8213060836501,936.4333162790698,24.787123287671232,398.7,False
Haryana,chickpea,1990,649300.0,7,722.3153740951794,718.8213060836501,24.874520547945206,482.4,False
Haryana,chickpea,1991,306700.0,7,658.6241238995761,722.3153740951794,25.225753424657533,350.6,True
Haryana,chickpea,1992,387900.0,7,670.272298530549,658.6241238995761,24.53032786885246,495.9,False
Haryana,chickpea,1993,405300.0,7,994.3244236368122,670.272298530549,25.116986301369867,383.0,True
Haryana,chickpea,1994,399700.0,7,1100.8240085063796,994.3244236368122,24.724931506849316,559.5,False
Haryana,chickpea,1995,376690.0,7,1011.4162250126099,1100.8240085063796,24.67917808219178,613.4,False
Haryana,chickpea,1996,345100.0,7,799.7631127209504,1011.4162250126099,24.290983606557376,551.5,False
Haryana,chickpea,1997,353900.0,7,873.1295775642837,799.7631127209504,23.418356164383564,731.2,False
Haryana,chickpea,1998,357000.0,7,823.5316280112046,873.1295775642837,24.745753424657536,627.9,False
Haryana,chickpea,1999,99840.0,6,580.9497916666667,823.5316280112046,25.527671232876713,384.3,True
Haryana,chickpea,2000,124500.0,7,642.5693140562248,580.9497916666667,25.189617486338797,335.4,True
Haryana,chickpea,2001,141390.0,6,862.8631374213169,642.5693140562248,24.740547945205478,525.5,False
Haryana,chickpea,2002,53750.0,6,762.6803199999999,862.8631374213169,25.93068493150685,181.4,True
Haryana,chickpea,2003,122150.0,6,818.6116545231273,762.6803199999999,24.475068493150683,568.3,False
Haryana,chickpea,2004,106840.0,5,842.3781467615125,818.6116545231273,25.37431693989071,487.1,False
Haryana,chickpea,2005,129270.0,6,557.0733928985843,842.3781467615125,24.835890410958903,505.0,False
Haryana,chickpea,2006,106440.0,5,845.6119926719279,557.0733928985843,25.855342465753427,392.0,False
Haryana,chickpea,2007,105810.0,4,510.4290955486249,845.6119926719279,25.542191780821916,402.6,False
Haryana,chickpea,2008,122400.0,5,1045.7470081699346,510.4290955486249,24.681967213114756,731.7,False
Haryana,chickpea,2009,83100.0,4,746.0670457280385,1045.7470081699346,25.693150684931506,305.09999999999997,True
Haryana,chickpea,2010,110500.0,4,995.4676950226245,746.0670457280385,25.368219178082192,730.7,False
Haryana,chickpea,2011,78100.0,4,934.6950576184379,995.4676950226245,24.416986301369864,603.4,False
Haryana,chickpea,2012,46070.0,3,1150.1236205773823,934.6950576184379,24.437158469945356,555.2,False
Haryana,chickpea,2013,83000.0,4,867.4681638554216,1150.1236205773823,24.2586301369863,585.0,False
Haryana,chickpea,2014,64000.0,2,640.62796875,867.4681638554216,24.60191780821918,410.5,False
Haryana,chickpea,2015,42100.0,3,641.3324916864608,640.62796875,24.601095890410956,627.0,False
Haryana,chickpea,2016,36900.0,4,1257.4535392953933,641.3324916864608,25.68688524590164,451.7,False
Haryana,chickpea,2017,31900.0,6,1141.0383385579937,1257.4535392953933,24.994520547945207,529.7,False
Haryana,maize,1967,148100.0,6,1066.8469547602972,1042.737435897436,24.604657534246577,759.3,False
Haryana,maize,1968,118500.0,6,856.5436286919831,1066.8469547602972,25.2103825136612,349.2,True
Haryana,maize,1969,141900.0,6,1238.9001338971107,856.5436286919831,25.6172602739726,520.3,False
Haryana,maize,1970,159200.0,6,1180.9054648241206,1238.9001338971107,25.059726027397257,676.8,False
Haryana,maize,1971,149300.0,6,1205.626054922974,1180.9054648241206,24.85561643835616,476.6,False
Haryana,maize,1972,149700.0,6,1122.2426118904475,1205.626054922974,25.24234972677596,551.0,False
Haryana,maize,1973,154800.0,6,1117.572015503876,1122.2426118904475,25.27753424657534,578.2,False
Haryana,maize,1974,158400.0,6,1121.8440845959597,1117.572015503876,25.526575342465755,316.7,True
Haryana,maize,1975,176000.0,6,1227.2717272727273,1121.8440845959597,24.29534246575342,703.6,False
Haryana,maize,1976,122800.0,6,1009.7713110749186,1227.2717272727273,24.406284153005465,886.6,False
Haryana,maize,1977,95400.0,6,985.3237631027254,1009.7713110749186,24.427671232876712,717.1,False
Haryana,maize,1978,88600.0,6,790.0699887133183,985.3237631027254,24.01095890410959,576.9,False
Haryana,maize,1979,77000.0,6,636.3651948051948,790.0699887133183,25.18849315068493,345.4,True
Haryana,maize,1980,74000.0,6,1121.6187837837838,636.3651948051948,25.09262295081967,466.7,False
Haryana,maize,1981,74000.0,6,1054.057162162162,1121.6187837837838,24.896164383561644,405.8,False
Haryana,maize,1982,56000.0,6,1000.0032142857143,1054.057162162162,24.063287671232878,565.9,False
Haryana,maize,1983,59000.0,6,1186.4396610169492,1000.0032142857143,23.498356164383562,718.8,False
Haryana,maize,1984,61000.0,6,1295.079344262295,1186.4396610169492,24.956557377049183,342.1,True
Haryana,maize,1985,55000.0,6,1254.5454545454545,1295.079344262295,25.380000000000003,391.8,False
Haryana,maize,1986,53000.0,6,1245.281320754717,1254.5454545454545,24.702191780821916,419.6,False
Haryana,maize,1987,38000.0,5,868.4192105263157,1245.281320754717,26.132602739726025,189.8,True
Haryana,maize,1988,44000.0,6,977.2729545454546,868.4192105263157,25.395628415300543,490.8,False
Haryana,maize,1989,47000.0,6,1425.5293617021277,977.2729545454546,24.787123287671232,398.7,False
Haryana,maize,1990,34770.0,6,1409.2527322404371,1425.5293617021277,24.874520547945206,482.4,False
Haryana,maize,1991,28870.0,6,1628.0497852441983,1409.2527322404371,25.225753424657533,350.6,True
Haryana,maize,1992,31470.0,6,1747.5772100413092,1628.0497852441983,24.53032786885246,495.9,False
Haryana,maize,1993,29900.0,6,1203.9360301003344,1747.5772100413092,25.116986301369867,383.0,True
Haryana,maize,1994,26050.0,3,1689.2701535508638,1203.9360301003344,24.724931506849316,559.5,False
Haryana,maize,1995,25500.0,4,1882.171482352941,1689.2701535508638,24.67917808219178,613.4,False
Haryana,maize,1996,25500.0,4,1725.493325490196,1882.171482352941,24.290983606557376,551.5,False
Haryana,maize,1997,25300.0,4,1976.2092648221346,1725.493325490196,23.418356164383564,731.2,False
Haryana,maize,1998,20000.0,2,1949.996,1976.2092648221346,24.745753424657536,627.9,False
Haryana,maize,1999,19880.0,4,2414.2817303822935,1949.996,25.527671232876713,384.3,True
Haryana,maize,2000,15060.0,3,2257.0859495351924,2414.2817303822935,25.189617486338797,335.4,True
Haryana,maize,2001,17360.0,3,2706.7805414746545,2257.0859495351924,24.740547945205478,525.5,False
Haryana,maize,2002,14800.0,2,1959.4630405405405,2706.7805414746545,25.93068493150685,181.4,True
Haryana,maize,2003,15420.0,3,2659.3826848249028,1959.4630405405405,24.475068493150683,568.3,False
Haryana,maize,2004,14890.0,2,2619.208522498321,2659.3826848249028,25.37431693989071,487.1,False
Haryana,maize,2005,16700.0,2,2155.6840718562876,2619.208522498321,24.835890410958903,505.0,False
Haryana,maize,2006,12200.0,1,2459.02,2155.6840718562876,25.855342465753427,392.0,False
Haryana,maize,2007,13600.0,3,2720.5897794117645,2459.02,25.542191780821916,402.6,False
Haryana,maize,2008,11780.0,4,2138.916247877759,2720.5897794117645,24.681967213114756,731.7,False
Haryana,maize,2009,12100.0,3,2148.7605785123965,2138.916247877759,25.693150684931506,305.09999999999997,True
Haryana,maize,2010,9100.0,2,2087.908021978022,2148.7605785123965,25.368219178082192,730.7,False
Haryana,maize,2011,10900.0,3,2752.294403669725,2087.908021978022,24.416986301369864,603.4,False
Haryana,maize,2012,9170.0,2,2835.331962922574,2752.294403669725,24.437158469945356,555.2,False
Haryana,maize,2013,8000.0,2,3000.0,2835.331962922574,24.2586301369863,585.0,False
Haryana,maize,2014,9000.0,3,2000.0,3000.0,24.60191780821918,410.5,False
Haryana,maize,2015,6000.0,3,2999.9966666666664,2000.0,24.601095890410956,627.0,False
Haryana,maize,2016,5900.0,3,4406.778644067796,2999.9966666666664,25.68688524590164,451.7,False
Haryana,maize,2017,6000.0,2,3166.670666666667,4406.778644067796,24.994520547945207,529.7,False
Haryana,rice,1967,223100.0,6,1313.3140295831465,1144.7337753036438,24.604657534246577,759.3,False
Haryana,rice,1968,235200.0,6,1179.848388605442,1313.3140295831465,25.2103825136612,349.2,True
Haryana,rice,1969,245800.0,6,1514.2414076484947,1179.848388605442,25.6172602739726,520.3,False
Haryana,rice,1970,272500.0,6,1680.7364917431194,1514.2414076484947,25.059726027397257,676.8,False
Haryana,rice,1971,296300.0,6,1822.4791427607156,1680.7364917431194,24.85561643835616,476.6,False
Haryana,rice,1972,299500.0,6,1585.9781903171954,1822.4791427607156,25.24234972677596,551.0,False
Haryana,rice,1973,299900.0,6,1857.2849116372124,1585.9781903171954,25.27753424657534,578.2,False
Haryana,rice,1974,282500.0,6,1423.0062973451327,1857.2849116372124,25.526575342465755,316.7,True
Haryana,rice,1975,312600.0,6,2050.543496481126,1423.0062973451327,24.29534246575342,703.6,False
Haryana,rice,1976,329600.0,6,2478.764068567961,2050.543496481126,24.406284153005465,886.6,False
Haryana,rice,1977,371200.0,6,2596.980245150862,2478.764068567961,24.427671232876712,717.1,False
Haryana,rice,1978,458500.0,6,2706.653230098146,2596.980245150862,24.01095890410959,576.9,False
Haryana,rice,1979,509000.0,6,1671.9069351669941,2706.653230098146,25.18849315068493,345.4,True
Haryana,rice,1980,472000.0,6,2601.692563559322,1671.9069351669941,25.09262295081967,466.7,False
Haryana,rice,1981,506000.0,6,2470.3582015810275,2601.692563559322,24.896164383561644,405.8,False
Haryana,rice,1982,489000.0,6,2607.36345603272,2470.3582015810275,24.063287671232878,565.9,False
Haryana,rice,1983,533000.0,6,2485.928142589118,2607.36345603272,23.498356164383562,718.8,False
Haryana,rice,1984,557000.0,7,2447.034791741472,2485.928142589118,24.956557377049183,342.1,True
Haryana,rice,1985,585000.0,7,2796.58165982906,2447.034791741472,25.380000000000003,391.8,False
Haryana,rice,1986,628000.0,6,2457.0067356687896,2796.58165982906,24.702191780821916,419.6,False
Haryana,rice,1987,462000.0,6,2322.51145021645,2457.0067356687896,26.132602739726025,189.8,True
Haryana,rice,1988,599000.0,6,2398.9989649415693,2322.51145021645,25.395628415300543,490.8,False
Haryana,rice,1989,838000.0,6,2708.832489260143,2398.9989649415693,24.787123287671232,398.7,False
Haryana,rice,1990,661200.0,6,2773.743647459165,2708.832489260143,24.874520547945206,482.4,False
Haryana,rice,1991,637000.0,6,2830.4574081632654,2773.743647459165,25.225753424657533,350.6,True
Haryana,rice,1992,707400.0,6,2657.616444161719,2830.4574081632654,24.53032786885246,495.9,False
Haryana,rice,1993,754850.0,6,2730.329186990793,2657.616444161719,25.116986301369867,383.0,True
Haryana,rice,1994,796040.0,6,2801.3570156022306,2730.329186990793,24.724931506849316,559.5,False
Haryana,rice,1995,829880.0,6,2225.6129888658597,2801.3570156022306,24.67917808219178,613.4,False
Haryana,rice,1996,830320.0,6,2966.3052708594278,2225.6129888658597,24.290983606557376,551.5,False
Haryana,rice,1997,913700.0,7,2797.4161692021453,2966.3052708594278,23.418356164383564,731.2,False
Haryana,rice,1998,1086000.0,7,2239.4104992633515,2797.4161692021453,24.745753424657536,627.9,False
Haryana,rice,1999,1083090.0,7,2384.826244079439,2239.4104992633515,25.527671232876713,384.3,True
Haryana,rice,2000,1054300.0,7,2556.1978883619468,2384.826244079439,25.189617486338797,335.4,True
Haryana,rice,2001,1027490.0,7,2653.0399427731654,2556.1978883619468,24.740547945205478,525.5,False
Haryana,rice,2002,905710.0,7,2724.960580649435,2653.0399427731654,25.93068493150685,181.4,True
Haryana,rice,2003,1015200.0,7,2748.229711091411,2724.960580649435,24.475068493150683,568.3,False
Haryana,rice,2004,1024240.0,7,2938.760478208232,2748.229711091411,25.37431693989071,487.1,False
Haryana,rice,2005,1046610.0,7,3051.781984884532,2938.760478208232,24.835890410958903,505.0,False
Haryana,rice,2006,1042000.0,7,3238.9675442418425,3051.781984884532,25.855342465753427,392.0,False
Haryana,rice,2007,1072500.0,7,3362.241425081585,3238.9675442418425,25.542191780821916,402.6,False
Haryana,rice,2008,1211200.0,7,2723.7457716314398,3362.241425081585,24.681967213114756,731.7,False
Haryana,rice,2009,1206400.0,7,3007.2966138096817,2723.7457716314398,25.693150684931506,305.09999999999997,True
Haryana,rice,2010,1243300.0,7,2786.937329847985,3007.2966138096817,25.368219178082192,730.7,False
Haryana,rice,2011,1234100.0,7,3044.322424276801,2786.937329847985,24.416986301369864,603.4,False
Haryana,rice,2012,1206250.0,7,3267.1526678549226,3044.322424276801,24.437158469945356,555.2,False
Haryana,rice,2013,1244000.0,7,3248.392736977492,3267.1526678549226,24.2586301369863,585.0,False
Haryana,rice,2014,1277000.0,7,3123.7304282693813,3248.392736977492,24.60191780821918,410.5,False
Haryana,rice,2015,1353100.0,7,3062.597790407213,3123.7304282693813,24.601095890410956,627.0,False
Haryana,rice,2016,1385200.0,7,3214.699593127347,3062.597790407213,25.68688524590164,451.7,False
Haryana,rice,2017,1422000.0,7,3431.7846033052037,3214.699593127347,24.994520547945207,529.7,False
Himachal Pradesh,chickpea,1967,18480.0,6,458.33164502164504,291.55109900090827,12.56821917808219,1756.6,False
Himachal Pradesh,chickpea,1971,30050.0,6,548.420778702163,623.0180037735848,12.465753424657533,1833.3,False
Himachal Pradesh,chickpea,1972,27910.0,7,566.4616696524542,548.420778702163,12.357650273224042,1623.0,False
Himachal Pradesh,chickpea,1973,26910.0,7,760.6832181345225,566.4616696524542,12.68,1860.1,False
Himachal Pradesh,chickpea,1974,24900.0,5,751.0030923694779,760.6832181345225,12.58876712328767,1432.8,False
Himachal Pradesh,chickpea,1975,30430.0,7,545.1857311863292,751.0030923694779,11.996712328767124,2476.4,False
Himachal Pradesh,chickpea,1976,24300.0,5,427.98637860082306,545.1857311863292,12.64808743169399,1667.6,False
Himachal Pradesh,chickpea,1977,40200.0,5,569.6508208955224,427.98637860082306,12.718630136986302,1920.2,False
Himachal Pradesh,chickpea,1978,35800.0,5,625.6999720670391,569.6508208955224,12.382191780821918,1756.9,False
Himachal Pradesh,chickpea,1979,21990.0,6,583.9004092769441,625.6999720670391,12.486301369863014,1359.1,True
Himachal Pradesh,chickpea,1980,16000.0,5,318.750875,583.9004092769441,12.73360655737705,1492.8,False
Himachal Pradesh,chickpea,1981,10160.0,7,303.14948818897636,318.750875,12.216164383561642,1470.2,False
Himachal Pradesh,chickpea,1982,3920.0,5,395.40977040816324,303.14948818897636,11.931506849315069,1548.6,False
Himachal Pradesh,chickpea,1983,4140.0,5,164.24983091787442,395.40977040816324,11.929041095890412,1837.2,False
Himachal Pradesh,chickpea,1984,3890.0,5,107.96766066838045,164.24983091787442,12.766120218579234,1378.1,True
Himachal Pradesh,chickpea,1985,6900.0,5,608.6952173913044,107.96766066838045,12.869041095890411,1459.6,False
Himachal Pradesh,chickpea,1986,9320.0,7,277.8959763948498,608.6952173913044,12.066849315068492,1588.1,False
Himachal Pradesh,chickpea,1987,7590.0,6,127.80088274044795,277.8959763948498,13.148219178082194,910.7,True
Himachal Pradesh,chickpea,1988,5760.0,7,489.581875,127.80088274044795,13.045628415300547,2013.0,False
Himachal Pradesh,chickpea,1989,5500.0,4,618.180909090909,489.581875,12.016712328767124,1549.4,False
Himachal Pradesh,chickpea,1990,3380.0,7,656.8031065088758,618.180909090909,12.628219178082192,2125.6,False
Himachal Pradesh,chickpea,1991,2740.0,7,551.0962408759124,656.8031065088758,12.309863013698632,1412.7,False
Himachal Pradesh,chickpea,1992,2440.0,8,581.9666803278689,551.0962408759124,12.315573770491802,1582.3,False
Himachal Pradesh,chickpea,1993,3300.0,7,421.2117575757576,581.9666803278689,12.74931506849315,1513.2,False
Himachal Pradesh,chickpea,1994,3070.0,7,410.4242019543974,421.2117575757576,12.69068493150685,2112.6,False
Himachal Pradesh,chickpea,1995,2140.0,7,785.0487850467289,410.4242019543974,12.247671232876712,2343.4,False
Himachal Pradesh,chickpea,1996,2480.0,7,915.3219758064516,785.0487850467289,12.453551912568306,1673.5,False
Himachal Pradesh,chickpea,1997,2400.0,8,983.3326249999999,915.3219758064516,11.340821917808219,2086.4,False
Himachal Pradesh,chickpea,1998,1920.0,7,864.5813541666666,983.3326249999999,12.926575342465753,1865.0,False
Himachal Pradesh,chickpea,1999,1650.0,6,969.7008484848484,864.5813541666666,13.1586301369863,1271.0,True
Himachal Pradesh,chickpea,2000,1380.0,7,623.1879710144927,969.7008484848484,12.540437158469945,1414.4,False
Himachal Pradesh,chickpea,2001,1140.0,7,877.1922807017545,623.1879710144927,12.61123287671233,1386.2,True
Himachal Pradesh,chickpea,2002,1360.0,7,735.2927205882354,877.1922807017545,12.625753424657534,1351.0,True
Himachal Pradesh,chickpea,2003,1320.0,7,689.3927272727273,735.2927205882354,12.482739726027397,1795.8,False
Himachal Pradesh,chickpea,2006,1320.0,7,772.7278787878788,537.3129850746269,12.965479452054794,1657.8,False
Himachal Pradesh,chickpea,2007,1470.0,7,931.9717006802721,772.7278787878788,12.905753424657535,1394.7,True
Himachal Pradesh,chickpea,2008,690.0,5,434.782463768116,931.9717006802721,12.611475409836066,1780.6,False
Himachal Pradesh,chickpea,2009,570.0,5,543.8594736842106,434.782463768116,13.342191780821917,1473.4,False
Himachal Pradesh,chickpea,2010,620.0,6,919.355,543.8594736842106,13.554794520547945,2106.1,False
Himachal Pradesh,chickpea,2011,590.0,5,1033.8988135593222,919.355,12.675342465753424,1662.2,False
Himachal Pradesh,chickpea,2012,450.0,6,911.1113333333334,1033.8988135593222,12.202459016393444,1497.0,False
Himachal Pradesh,chickpea,2013,480.0,6,916.6666666666666,911.1113333333334,12.317808219178081,1716.0,False
Himachal Pradesh,chickpea,2014,390.0,6,897.4364102564103,916.6666666666666,12.081917808219178,1657.7,False
Himachal Pradesh,chickpea,2015,360.0,6,1000.0,897.4364102564103,12.487123287671233,1843.1,False
Himachal Pradesh,chickpea,2016,450.0,6,443.0357777777778,1000.0,13.445081967213113,1363.8,True
Himachal Pradesh,chickpea,2017,340.0,6,1041.394705882353,443.0357777777778,13.232328767123288,1220.2,True
Himachal Pradesh,maize,1967,255830.0,9,1706.2523656334283,1519.532719305567,12.56821917808219,1756.6,False
Himachal Pradesh,maize,1971,253040.0,9,1290.387373932975,1856.7265108494921,12.465753424657533,1833.3,False
Himachal Pradesh,maize,1972,261720.0,9,1550.857536298334,1290.387373932975,12.357650273224042,1623.0,False
Himachal Pradesh,maize,1973,259720.0,9,1751.2696546280608,1550.857536298334,12.68,1860.1,False
Himachal Pradesh,maize,1974,264530.0,9,1875.4782508600158,1751.2696546280608,12.58876712328767,1432.8,False
Himachal Pradesh,maize,1975,264490.0,9,1837.3834534386933,1875.4782508600158,11.996712328767124,2476.4,False
Himachal Pradesh,maize,1976,269800.0,9,1725.3525759822091,1837.3834534386933,12.64808743169399,1667.6,False
Himachal Pradesh,maize,1977,271900.0,9,1681.5009488782641,1725.3525759822091,12.718630136986302,1920.2,False
Himachal Pradesh,maize,1978,270400.0,9,1581.3592159763314,1681.5009488782641,12.382191780821918,1756.9,False
Himachal Pradesh,maize,1979,283430.0,9,1594.857319267544,1581.3592159763314,12.486301369863014,1359.1,True
Himachal Pradesh,maize,1980,285900.0,9,1811.8214305701295,1594.857319267544,12.73360655737705,1492.8,False
Himachal Pradesh,maize,1981,277900.0,10,1608.7426261245053,1811.8214305701295,12.216164383561642,1470.2,False
Himachal Pradesh,maize,1982,288290.0,10,1393.0434517326303,1608.7426261245053,11.931506849315069,1548.6,False
Himachal Pradesh,maize,1983,298240.0,10,1991.582721298283,1393.0434517326303,11.929041095890412,1837.2,False
Himachal Pradesh,maize,1984,307570.0,10,1858.5695786325064,1991.582721298283,12.766120218579234,1378.1,True
Himachal Pradesh,maize,1985,299500.0,9,1739.8993756260434,1858.5695786325064,12.869041095890411,1459.6,False
Himachal Pradesh,maize,1986,303420.0,10,1855.4824553424296,1739.8993756260434,12.066849315068492,1588.1,False
Himachal Pradesh,maize,1987,293370.0,10,1383.0645048914341,1855.4824553424296,13.148219178082194,910.7,True
Himachal Pradesh,maize,1988,320810.0,9,1505.9696664692497,1383.0645048914341,13.045628415300547,2013.0,False
Himachal Pradesh,maize,1989,313600.0,9,2133.926170280612,1505.9696664692497,12.016712328767124,1549.4,False
Himachal Pradesh,maize,1990,319120.0,10,2052.3312362120832,2133.926170280612,12.628219178082192,2125.6,False
Himachal Pradesh,maize,1991,313870.0,10,1877.304478287189,2052.3312362120832,12.309863013698632,1412.7,False
Himachal Pradesh,maize,1992,310280.0,10,2067.681285935284,1877.304478287189,12.315573770491802,1582.3,False
Himachal Pradesh,maize,1993,304880.0,10,2109.6187680398843,2067.681285935284,12.74931506849315,1513.2,False
Himachal Pradesh,maize,1994,308490.0,10,2051.765230639567,2109.6187680398843,12.69068493150685,2112.6,False
Himachal Pradesh,maize,1995,309480.0,10,2143.725063978286,2051.765230639567,12.247671232876712,2343.4,False
Himachal Pradesh,maize,1996,307300.0,10,1918.1917370647575,2143.725063978286,12.453551912568306,1673.5,False
Himachal Pradesh,maize,1997,311870.0,10,1990.188539134896,1918.1917370647575,11.340821917808219,2086.4,False
Himachal Pradesh,maize,1998,300970.0,10,2200.553612320165,1990.188539134896,12.926575342465753,1865.0,False
Himachal Pradesh,maize,1999,299920.0,10,2272.0407248599627,2200.553612320165,13.1586301369863,1271.0,True
Himachal Pradesh,maize,2000,298050.0,10,2293.7411575239053,2272.0407248599627,12.540437158469945,1414.4,False
Himachal Pradesh,maize,2001,301300.0,10,2549.6503903086623,2293.7411575239053,12.61123287671233,1386.2,True
Himachal Pradesh,maize,2002,299810.0,10,1612.1865948434008,2549.6503903086623,12.625753424657534,1351.0,True
Himachal Pradesh,maize,2003,298550.0,10,2443.7444468263275,1612.1865948434008,12.482739726027397,1795.8,False
Himachal Pradesh,maize,2004,297880.0,10,2136.0948892171346,2443.7444468263275,12.975136612021856,1064.9,True
Himachal Pradesh,maize,2005,295370.0,10,1838.5734367065038,2136.0948892171346,12.115068493150686,1453.0,False
Himachal Pradesh,maize,2006,299040.0,10,2325.373059456929,1838.5734367065038,12.965479452054794,1657.8,False
Himachal Pradesh,maize,2007,300170.0,10,2274.1129583236166,2325.373059456929,12.905753424657535,1394.7,True
Himachal Pradesh,maize,2008,297730.0,10,2272.695091861754,2274.1129583236166,12.611475409836066,1780.6,False
Himachal Pradesh,maize,2009,290210.0,10,1827.0925167981807,2272.695091861754,13.342191780821917,1473.4,False
Himachal Pradesh,maize,2010,281670.0,10,2277.629009479178,1827.0925167981807,13.554794520547945,2106.1,False
Himachal Pradesh,maize,2011,290250.0,10,2110.972910594315,2277.629009479178,12.675342465753424,1662.2,False
Himachal Pradesh,maize,2012,275980.0,10,2192.47815964925,2110.972910594315,12.202459016393444,1497.0,False
Himachal Pradesh,maize,2013,291970.0,10,2035.4163417474397,2192.47815964925,12.317808219178081,1716.0,False
Himachal Pradesh,maize,2014,289190.0,10,1741.794761575435,2035.4163417474397,12.081917808219178,1657.7,False
Himachal Pradesh,maize,2015,280820.0,10,2523.073951641621,1741.794761575435,12.487123287671233,1843.1,False
Himachal Pradesh,maize,2016,262580.0,10,1840.9559140071597,2523.073951641621,13.445081967213113,1363.8,True
Himachal Pradesh,maize,2017,280820.0,10,2532.340256391995,1840.9559140071597,13.232328767123288,1220.2,True
Himachal Pradesh,rice,1967,97430.0,9,1131.7897947244176,853.7077890592623,12.56821917808219,1756.6,False
Himachal Pradesh,rice,1971,97570.0,9,1057.9079512145129,1178.2818512883903,12.465753424657533,1833.3,False
Himachal Pradesh,rice,1972,97920.0,9,981.9206781045751,1057.9079512145129,12.357650273224042,1623.0,False
Himachal Pradesh,rice,1973,97300.0,9,1223.7431377183968,981.9206781045751,12.68,1860.1,False
Himachal Pradesh,rice,1974,93000.0,8,1047.3099139784947,1223.7431377183968,12.58876712328767,1432.8,False
Himachal Pradesh,rice,1975,95400.0,9,1300.4209926624737,1047.3099139784947,11.996712328767124,2476.4,False
Himachal Pradesh,rice,1976,99600.0,8,1179.7184437751005,1300.4209926624737,12.64808743169399,1667.6,False
Himachal Pradesh,rice,1977,101900.0,8,1314.03532875368,1179.7184437751005,12.718630136986302,1920.2,False
Himachal Pradesh,rice,1978,95200.0,8,1232.1428886554622,1314.03532875368,12.382191780821918,1756.9,False
Himachal Pradesh,rice,1979,96670.0,9,884.6608047998345,1232.1428886554622,12.486301369863014,1359.1,True
Himachal Pradesh,rice,1980,93300.0,8,1109.3240836012862,884.6608047998345,12.73360655737705,1492.8,False
Himachal Pradesh,rice,1981,91270.0,9,1023.1177944560096,1109.3240836012862,12.216164383561642,1470.2,False
Himachal Pradesh,rice,1982,90550.0,9,832.0257404748758,1023.1177944560096,11.931506849315069,1548.6,False
Himachal Pradesh,rice,1983,94660.0,9,1203.0442277625184,832.0257404748758,11.929041095890412,1837.2,False
Himachal Pradesh,rice,1984,94710.0,9,1237.8823228803717,1203.0442277625184,12.766120218579234,1378.1,True
Himachal Pradesh,rice,1985,90800.0,8,1381.058127753304,1237.8823228803717,12.869041095890411,1459.6,False
Himachal Pradesh,rice,1986,95960.0,9,1099.9350864943726,1381.058127753304,12.066849315068492,1588.1,False
Himachal Pradesh,rice,1987,90170.0,9,844.1837007874017,1099.9350864943726,13.148219178082194,910.7,True
Himachal Pradesh,rice,1988,86620.0,9,1037.174630570307,844.1837007874017,13.045628415300547,2013.0,False
Himachal Pradesh,rice,1989,88600.0,8,1066.593171557562,1037.174630570307,12.016712328767124,1549.4,False
Himachal Pradesh,rice,1990,84950.0,9,1018.1265050029428,1066.593171557562,12.628219178082192,2125.6,False
Himachal Pradesh,rice,1991,83180.0,9,1238.518798990142,1018.1265050029428,12.309863013698632,1412.7,False
Himachal Pradesh,rice,1992,81920.0,9,1347.0474475097658,1238.518798990142,12.315573770491802,1582.3,False
Himachal Pradesh,rice,1993,87830.0,9,1233.1769224638506,1347.0474475097658,12.74931506849315,1513.2,False
Himachal Pradesh,rice,1994,82740.0,9,1351.4601462412377,1233.1769224638506,12.69068493150685,2112.6,False
Himachal Pradesh,rice,1995,83020.0,9,1346.0600469766323,1351.4601462412377,12.247671232876712,2343.4,False
Himachal Pradesh,rice,1996,81750.0,9,1328.928406116208,1346.0600469766323,12.453551912568306,1673.5,False
Himachal Pradesh,rice,1997,86190.0,9,1397.4918401206637,1328.928406116208,11.340821917808219,2086.4,False
Himachal Pradesh,rice,1998,82130.0,9,1424.5705016437355,1397.4918401206637,12.926575342465753,1865.0,False
Himachal Pradesh,rice,1999,80240.0,9,1500.2507415254238,1424.5705016437355,13.1586301369863,1271.0,True
Himachal Pradesh,rice,2000,81500.0,9,1532.5126576687117,1500.2507415254238,12.540437158469945,1414.4,False
Himachal Pradesh,rice,2001,80590.0,9,1693.0164462092068,1532.5126576687117,12.61123287671233,1386.2,True
Himachal Pradesh,rice,2002,82810.0,9,1034.6571174978867,1693.0164462092068,12.625753424657534,1351.0,True
Himachal Pradesh,rice,2003,81350.0,9,1482.8540344191765,1034.6571174978867,12.482739726027397,1795.8,False
Himachal Pradesh,rice,2004,79520.0,9,1372.2352615694165,1482.8540344191765,12.975136612021856,1064.9,True
Himachal Pradesh,rice,2005,79370.0,9,1412.8775028348243,1372.2352615694165,12.115068493150686,1453.0,False
Himachal Pradesh,rice,2006,69220.0,9,1783.8792805547532,1412.8775028348243,12.965479452054794,1657.8,False
Himachal Pradesh,rice,2007,78560.0,9,1546.081565682281,1783.8792805547532,12.905753424657535,1394.7,True
Himachal Pradesh,rice,2008,77720.0,9,1522.0007141019044,1546.081565682281,12.611475409836066,1780.6,False
Himachal Pradesh,rice,2009,76190.0,9,1388.373984774905,1522.0007141019044,13.342191780821917,1473.4,False
Himachal Pradesh,rice,2010,75440.0,9,1461.2942603393426,1388.373984774905,13.554794520547945,2106.1,False
Himachal Pradesh,rice,2011,75060.0,9,1447.3739754862777,1461.2942603393426,12.675342465753424,1662.2,False
Himachal Pradesh,rice,2012,75390.0,9,1475.9233877172042,1447.3739754862777,12.202459016393444,1497.0,False
Himachal Pradesh,rice,2013,73110.0,9,1462.3181575707838,1475.9233877172042,12.317808219178081,1716.0,False
Himachal Pradesh,rice,2014,72380.0,9,1607.6248314451504,1462.3181575707838,12.081917808219178,1657.7,False
Himachal Pradesh,rice,2015,71610.0,9,1601.1745538332634,1607.6248314451504,12.487123287671233,1843.1,False
Himachal Pradesh,rice,2016,70840.0,9,1461.5426566911349,1601.1745538332634,13.445081967213113,1363.8,True
Himachal Pradesh,rice,2017,71610.0,9,1602.8237131685519,1461.5426566911349,13.232328767123288,1220.2,True
Jharkhand,chickpea,1967,27820.0,6,478.4327606038821,157.1337732598208,24.495616438356162,1325.1,False
Jharkhand,chickpea,1968,19980.0,6,428.92925925925925,478.4327606038821,23.653551912568307,1615.3,False
Jharkhand,chickpea,1969,19980.0,6,423.92400400400396,428.92925925925925,24.30630136986301,1206.5,False
Jharkhand,chickpea,1970,38930.0,6,637.0395427690727,423.92400400400396,23.92821917808219,1524.0,False
Jharkhand,chickpea,1971,43270.0,6,426.1597527155073,637.0395427690727,22.83013698630137,2124.9,False
Jharkhand,chickpea,1972,47880.0,6,428.1538095238095,426.1597527155073,24.471311475409838,1141.1,False
Jharkhand,chickpea,1973,50710.0,6,390.846560836127,428.1538095238095,24.31095890410959,1399.5,False
Jharkhand,chickpea,1974,52490.0,6,378.92983615926846,390.846560836127,24.372602739726027,979.1,True
Jharkhand,chickpea,1975,58430.0,6,378.91736950196815,378.92983615926846,23.884657534246575,1383.9,False
Jharkhand,chickpea,1976,38120.0,6,438.8748662119622,378.91736950196815,24.50409836065574,1293.6,False
Jharkhand,chickpea,1977,44950.0,6,496.99900556173526,438.8748662119622,24.249863013698633,1268.4,False
Jharkhand,chickpea,1978,45000.0,5,555.5553333333334,496.99900556173526,23.623561643835618,1394.6,False
Jharkhand,chickpea,1979,30000.0,5,333.331,555.5553333333334,25.315890410958904,681.1,True
Jharkhand,chickpea,1980,35000.0,5,628.5702857142857,333.331,24.414207650273227,1424.2,False
Jharkhand,chickpea,1981,26000.0,5,692.3088461538462,628.5702857142857,23.37616438356164,1054.1,False
Jharkhand,chickpea,1982,30580.0,6,657.6201929365599,692.3088461538462,24.045205479452054,973.0,True
Jharkhand,chickpea,1983,33490.0,6,697.524111675127,657.6201929365599,24.030958904109585,1071.0,False
Jharkhand,chickpea,1984,29270.0,6,454.3927400068329,697.524111675127,23.821311475409836,1526.6,False
Jharkhand,chickpea,1985,31920.0,6,559.5231892230577,454.3927400068329,24.363013698630137,1040.1,True
Jharkhand,chickpea,1986,35220.0,6,726.5746223736513,559.5231892230577,23.955890410958904,1249.4,False
Jharkhand,chickpea,1987,33530.0,6,683.5678079331942,726.5746223736513,24.353424657534248,1070.2,False
Jharkhand,chickpea,1988,21960.0,6,517.3048087431695,683.5678079331942,24.264754098360655,1069.5,False
Jharkhand,chickpea,1989,26150.0,6,664.2427304015296,517.3048087431695,23.972054794520545,1151.7,False
Jharkhand,chickpea,1990,24570.0,6,715.507553927554,664.2427304015296,23.497260273972604,1477.5,False
Jharkhand,chickpea,1991,19840.0,6,747.4783921370968,715.507553927554,23.996164383561645,1331.4,False
Jharkhand,chickpea,1992,15250.0,6,424.88638688524594,747.4783921370968,24.16092896174863,859.1,True
Jharkhand,chickpea,1993,21150.0,6,528.6010827423167,424.88638688524594,24.078630136986302,1021.9,True
Jharkhand,chickpea,1994,20580.0,6,972.7915257531585,528.6010827423167,23.889589041095892,1502.5,False
Jharkhand,chickpea,2001,16330.0,3,919.1808695652173,897.8271507692308,23.978356164383563,1060.2,False
Jharkhand,chickpea,2002,9750.0,5,852.3095179487179,919.1808695652173,24.2813698630137,1334.4,False
Jharkhand,chickpea,2003,15150.0,5,848.8469636963698,852.3095179487179,23.712876712328768,1737.8,False
Jharkhand,chickpea,2004,17610.0,6,784.228750709824,848.8469636963698,24.090983606557376,1041.7,True
Jharkhand,chickpea,2005,14360.0,6,668.5225557103064,784.228750709824,24.44958904109589,1003.0,True
Jharkhand,chickpea,2006,14230.0,6,733.6614687280393,668.5225557103064,24.32684931506849,1289.0,False
Jharkhand,chickpea,2007,14920.0,5,800.9851005361932,733.6614687280393,23.927397260273974,1764.2,False
Jharkhand,chickpea,2008,17030.0,5,728.1419495008809,800.9851005361932,24.215027322404374,1387.5,False
Jharkhand,chickpea,2009,15150.0,6,730.0331683168317,728.1419495008809,24.932602739726025,1143.4,False
Jharkhand,chickpea,2010,15470.0,6,665.1687201034259,730.0331683168317,25.528767123287672,855.8,True
Jharkhand,chickpea,2011,14060.0,6,926.6659103840682,665.1687201034259,24.225753424657533,1555.7,False
Jharkhand,chickpea,2012,31590.0,6,1010.13,926.6659103840682,24.319398907103825,1216.0,False
Jharkhand,chickpea,2013,38010.0,5,1031.76515916864,1010.13,23.72082191780822,1285.3,False
Jharkhand,chickpea,2014,27700.0,6,797.1579386281588,1031.76515916864,23.755068493150684,1130.3,False
Jharkhand,chickpea,2015,36170.0,6,842.719828587227,797.1579386281588,24.416164383561643,1217.6,False
Jharkhand,chickpea,2016,52060.0,6,1120.3533230887438,842.719828587227,24.826775956284155,1581.8,False
Jharkhand,chickpea,2017,232680.0,6,1228.262597988654,1120.3533230887438,24.8841095890411,1118.9,False
Jharkhand,maize,1967,194530.0,6,1384.9288916876576,1027.0468232077042,24.495616438356162,1325.1,False
Jharkhand,maize,1968,188230.0,6,1290.5510487169952,1384.9288916876576,23.653551912568307,1615.3,False
Jharkhand,maize,1969,187320.0,6,1101.7001339953022,1290.5510487169952,24.30630136986301,1206.5,False
Jharkhand,maize,1970,190940.0,6,1153.97688331413,1101.7001339953022,23.92821917808219,1524.0,False
Jharkhand,maize,1971,159260.0,6,359.66346351877434,1153.97688331413,22.83013698630137,2124.9,False
Jharkhand,maize,1972,163580.0,6,632.1677906834576,359.66346351877434,24.471311475409838,1141.1,False
Jharkhand,maize,1973,198710.0,6,1057.0663882039153,632.1677906834576,24.31095890410959,1399.5,False
Jharkhand,maize,1974,191780.0,6,804.2024528105121,1057.0663882039153,24.372602739726027,979.1,True
Jharkhand,maize,1975,192500.0,6,818.4924675324676,804.2024528105121,23.884657534246575,1383.9,False
Jharkhand,maize,1976,196600.0,6,900.8118479145472,818.4924675324676,24.50409836065574,1293.6,False
Jharkhand,maize,1977,166200.0,6,497.1713273164862,900.8118479145472,24.249863013698633,1268.4,False
Jharkhand,maize,1978,172000.0,6,802.323488372093,497.1713273164862,23.623561643835618,1394.6,False
Jharkhand,maize,1979,169000.0,6,763.3131952662721,802.323488372093,25.315890410958904,681.1,True
Jharkhand,maize,1980,167000.0,6,952.0978443113772,763.3131952662721,24.414207650273227,1424.2,False
Jharkhand,maize,1981,171000.0,6,742.6893567251462,952.0978443113772,23.37616438356164,1054.1,False
Jharkhand,maize,1982,146450.0,6,817.1375404574941,742.6893567251462,24.045205479452054,973.0,True
Jharkhand,maize,1983,151360.0,6,1017.0458786997885,817.1375404574941,24.030958904109585,1071.0,False
Jharkhand,maize,1984,128920.0,6,595.7176869376357,1017.0458786997885,23.821311475409836,1526.6,False
Jharkhand,maize,1985,137010.0,6,962.2661907889935,595.7176869376357,24.363013698630137,1040.1,True
Jharkhand,maize,1986,123800.0,6,825.2803731825526,962.2661907889935,23.955890410958904,1249.4,False
Jharkhand,maize,1987,120440.0,6,718.8652167054136,825.2803731825526,24.353424657534248,1070.2,False
Jharkhand,maize,1988,120480.0,6,801.9590479747677,718.8652167054136,24.264754098360655,1069.5,False
Jharkhand,maize,1989,118810.0,6,1259.4903063715176,801.9590479747677,23.972054794520545,1151.7,False
Jharkhand,maize,1990,114290.0,6,852.6550293114008,1259.4903063715176,23.497260273972604,1477.5,False
Jharkhand,maize,1991,108130.0,6,1035.7901960602978,852.6550293114008,23.996164383561645,1331.4,False
Jharkhand,maize,1992,107140.0,6,968.5534310248273,1035.7901960602978,24.16092896174863,859.1,True
Jharkhand,maize,1993,123730.0,6,1009.4573070395215,968.5534310248273,24.078630136986302,1021.9,True
Jharkhand,maize,1994,100300.0,6,1202.9817976071786,1009.4573070395215,23.889589041095892,1502.5,False
Jharkhand,maize,1998,92290.0,6,1284.7792447719146,1127.7110513727123,23.853698630136986,1270.1,False
Jharkhand,maize,1999,99710.0,6,1350.793557316217,1284.7792447719146,24.041917808219175,1459.8,False
Jharkhand,maize,2000,157080.0,6,1618.4090921823274,1350.793557316217,23.94808743169399,1008.4,True
Jharkhand,maize,2001,140180.0,6,1492.2253345698389,1618.4090921823274,23.978356164383563,1060.2,False
Jharkhand,maize,2002,62780.0,6,1183.6563905702453,1492.2253345698389,24.2813698630137,1334.4,False
Jharkhand,maize,2003,89580.0,6,1522.5599196249161,1183.6563905702453,23.712876712328768,1737.8,False
Jharkhand,maize,2004,92040.0,6,1451.2203422425034,1522.5599196249161,24.090983606557376,1041.7,True
Jharkhand,maize,2005,74760.0,6,1035.314063670412,1451.2203422425034,24.44958904109589,1003.0,True
Jharkhand,maize,2006,75690.0,6,1533.2411547100014,1035.314063670412,24.32684931506849,1289.0,False
Jharkhand,maize,2007,76340.0,6,1229.4063597065758,1533.2411547100014,23.927397260273974,1764.2,False
Jharkhand,maize,2008,72900.0,6,1059.3974595336076,1229.4063597065758,24.215027322404374,1387.5,False
Jharkhand,maize,2009,60460.0,6,894.6179689050612,1059.3974595336076,24.932602739726025,1143.4,False
Jharkhand,maize,2010,61170.0,6,921.5343223802518,894.6179689050612,25.528767123287672,855.8,True
Jharkhand,maize,2011,65870.0,6,1399.1229861849097,921.5343223802518,24.225753424657533,1555.7,False
Jharkhand,maize,2012,93030.0,6,1263.46227131033,1399.1229861849097,24.319398907103825,1216.0,False
Jharkhand,maize,2013,83090.0,6,1641.437097123601,1263.46227131033,23.72082191780822,1285.3,False
Jharkhand,maize,2014,106550.0,6,2258.3037944626935,1641.437097123601,23.755068493150684,1130.3,False
Jharkhand,maize,2015,118730.0,6,969.5944184283669,2258.3037944626935,24.416164383561643,1217.6,False
Jharkhand,maize,2016,124680.0,6,2171.6249975938404,969.5944184283669,24.826775956284155,1581.8,False
Jharkhand,maize,2017,294700.0,6,2024.8952032575503,2171.6249975938404,24.8841095890411,1118.9,False
Jharkhand,rice,1967,1654470.0,6,1056.0137709961498,415.6517081694191,24.495616438356162,1325.1,False
Jharkhand,rice,1968,1645980.0,6,1165.9507907143466,1056.0137709961498,23.653551912568307,1615.3,False
Jharkhand,rice,1969,1684570.0,6,878.751837264109,1165.9507907143466,24.30630136986301,1206.5,False
Jharkhand,rice,1970,1674030.0,6,906.0198789149538,878.751837264109,23.92821917808219,1524.0,False
Jharkhand,rice,1971,1732010.0,6,775.511739828292,906.0198789149538,22.83013698630137,2124.9,False
Jharkhand,rice,1972,1536340.0,6,788.0609284403191,775.511739828292,24.471311475409838,1141.1,False
Jharkhand,rice,1973,1750400.0,6,783.5354941727605,788.0609284403191,24.31095890410959,1399.5,False
Jharkhand,rice,1974,1687230.0,6,746.866328775567,783.5354941727605,24.372602739726027,979.1,True
Jharkhand,rice,1975,1768140.0,6,933.9734009750359,746.866328775567,23.884657534246575,1383.9,False
Jharkhand,rice,1976,1647460.0,6,795.6534724363567,933.9734009750359,24.50409836065574,1293.6,False
Jharkhand,rice,1977,1745040.0,6,1031.0782297253932,795.6534724363567,24.249863013698633,1268.4,False
Jharkhand,rice,1978,1743000.0,6,961.5606827309236,1031.0782297253932,23.623561643835618,1394.6,False
Jharkhand,rice,1979,1536000.0,6,569.0078125,961.5606827309236,25.315890410958904,681.1,True
Jharkhand,rice,1980,1755000.0,6,911.1114358974359,569.0078125,24.414207650273227,1424.2,False
Jharkhand,rice,1981,1634000.0,6,645.0427356181151,911.1114358974359,23.37616438356164,1054.1,False
Jharkhand,rice,1982,1404820.0,6,519.8965049614898,645.0427356181151,24.045205479452054,973.0,True
Jharkhand,rice,1983,1506170.0,6,995.0483768100547,519.8965049614898,24.030958904109585,1071.0,False
Jharkhand,rice,1984,1558860.0,6,932.4106205817071,995.0483768100547,23.821311475409836,1526.6,False
Jharkhand,rice,1985,1591330.0,6,945.2466089371784,932.4106205817071,24.363013698630137,1040.1,True
Jharkhand,rice,1986,1546790.0,6,854.5232822167198,945.2466089371784,23.955890410958904,1249.4,False
Jharkhand,rice,1987,1533930.0,6,851.5908195941146,854.5232822167198,24.353424657534248,1070.2,False
Jharkhand,rice,1988,1563040.0,6,950.4563426399837,851.5908195941146,24.264754098360655,1069.5,False
Jharkhand,rice,1989,1530380.0,6,1002.1677589226205,950.4563426399837,23.972054794520545,1151.7,False
Jharkhand,rice,1990,1522370.0,6,1032.515967406084,1002.1677589226205,23.497260273972604,1477.5,False
Jharkhand,rice,1991,1465490.0,6,710.5265137257845,1032.515967406084,23.996164383561645,1331.4,False
Jharkhand,rice,1992,1367870.0,6,703.7000599472173,710.5265137257845,24.16092896174863,859.1,True
Jharkhand,rice,1993,1386840.0,6,1005.4995707507715,703.7000599472173,24.078630136986302,1021.9,True
Jharkhand,rice,1994,1442860.0,6,1153.7926197274855,1005.4995707507715,23.889589041095892,1502.5,False
Jharkhand,rice,2000,1463810.0,6,1556.890959209187,822.3659419140225,23.94808743169399,1008.4,True
Jharkhand,rice,2001,1321330.0,6,1832.6911649625756,1556.890959209187,23.978356164383563,1060.2,False
Jharkhand,rice,2002,1058800.0,6,1421.9864438043069,1832.6911649625756,24.2813698630137,1334.4,False
Jharkhand,rice,2003,1425230.0,6,1344.7871754734324,1421.9864438043069,23.712876712328768,1737.8,False
Jharkhand,rice,2004,1067560.0,6,1414.2143990033346,1344.7871754734324,24.090983606557376,1041.7,True
Jharkhand,rice,2005,1100520.0,6,836.9328103987206,1414.2143990033346,24.44958904109589,1003.0,True
Jharkhand,rice,2006,1139500.0,6,1713.3732168494953,836.9328103987206,24.32684931506849,1289.0,False
Jharkhand,rice,2007,1198620.0,6,1840.39274524036,1713.3732168494953,23.927397260273974,1764.2,False
Jharkhand,rice,2008,1196970.0,6,1875.5024044044546,1840.39274524036,24.215027322404374,1387.5,False
Jharkhand,rice,2009,973310.0,6,904.6672771265064,1875.5024044044546,24.932602739726025,1143.4,False
Jharkhand,rice,2010,837190.0,6,906.8908743534921,904.6672771265064,25.528767123287672,855.8,True
Jharkhand,rice,2011,982700.0,6,2100.820129642821,906.8908743534921,24.225753424657533,1555.7,False
Jharkhand,rice,2012,1091080.0,6,1955.6219206657624,2100.820129642821,24.319398907103825,1216.0,False
Jharkhand,rice,2013,1085640.0,6,2068.51426688405,1955.6219206657624,23.72082191780822,1285.3,False
Jharkhand,rice,2014,989000.0,6,2112.405124064712,2068.51426688405,23.755068493150684,1130.3,False
Jharkhand,rice,2015,1162500.0,6,983.5615803010752,2112.405124064712,24.416164383561643,1217.6,False
Jharkhand,rice,2016,1342070.0,6,2067.7403531112386,983.5615803010752,24.826775956284155,1581.8,False
Jharkhand,rice,2017,1735430.0,6,1971.4380501662413,2067.7403531112386,24.8841095890411,1118.9,False
Karnataka,chickpea,1967,164300.0,14,402.31121119902616,364.8573162939297,24.459999999999997,907.5,False
Karnataka,chickpea,1968,175000.0,17,436.57221142857145,402.31121119902616,24.499726775956283,745.1,False
Karnataka,chickpea,1969,170900.0,17,415.45021064950265,436.57221142857145,24.995342465753424,672.2,False
Karnataka,chickpea,1970,162700.0,17,465.8895267363245,415.45021064950265,24.40767123287671,717.8,False
Karnataka,chickpea,1971,167700.0,16,419.7983363148479,465.8895267363245,24.36219178082192,658.7,False
Karnataka,chickpea,1972,137100.0,14,134.20811086797957,419.7983363148479,25.084699453551913,574.3,False
Karnataka,chickpea,1973,155400.0,17,476.83316602316603,134.20811086797957,25.009315068493148,678.4,False
Karnataka,chickpea,1974,169000.0,18,450.29527218934913,476.83316602316603,24.485205479452055,750.8,False
Karnataka,chickpea,1975,179500.0,18,448.46631754874653,450.29527218934913,24.284657534246573,822.8,False
Karnataka,chickpea,1976,162800.0,17,406.02097051597053,448.46631754874653,24.782240437158467,512.1,True
Karnataka,chickpea,1977,167700.0,18,392.9626893261777,406.02097051597053,24.932876712328767,568.9,False
Karnataka,chickpea,1978,163700.0,18,414.7835064141723,392.9626893261777,24.44082191780822,776.8,False
Karnataka,chickpea,1979,178800.0,18,413.86969239373605,414.7835064141723,25.013972602739727,676.5,False
Karnataka,chickpea,1980,143600.0,18,401.81221448467966,413.86969239373605,24.799726775956287,818.6,False
Karnataka,chickpea,1981,165500.0,18,445.9220664652568,401.81221448467966,24.565479452054795,655.0,False
Karnataka,chickpea,1982,145200.0,18,476.5821212121212,445.9220664652568,24.92876712328767,586.7,False
Karnataka,chickpea,1983,177500.0,18,421.9719436619718,476.5821212121212,24.9,709.0,False
Karnataka,chickpea,1984,177500.0,17,434.36574084507043,421.9719436619718,24.989344262295084,476.2,True
Karnataka,chickpea,1985,169700.0,16,312.31620506776665,434.36574084507043,25.206849315068492,390.7,True
Karnataka,chickpea,1986,218300.0,15,379.75108108108105,312.31620506776665,25.36958904109589,505.0,True
Karnataka,chickpea,1987,245000.0,16,422.85726530612243,379.75108108108105,25.331232876712328,500.6,True
Karnataka,chickpea,1988,191000.0,15,329.3210785340314,422.85726530612243,25.24098360655738,592.6,False
Karnataka,chickpea,1989,221900.0,14,333.0314916629112,329.3210785340314,24.867397260273975,671.4,False
Karnataka,chickpea,1990,229460.0,17,300.57520177808766,333.0314916629112,24.638904109589042,666.6,False
Karnataka,chickpea,1991,195680.0,18,392.32455028618153,300.57520177808766,25.016438356164382,812.9,False
Karnataka,chickpea,1992,209590.0,17,353.68848513764965,392.32455028618153,24.76010928961749,563.0,False
Karnataka,chickpea,1993,289530.0,17,454.42603771629877,353.68848513764965,24.664657534246576,708.5,False
Karnataka,chickpea,1994,441230.0,17,502.2982591845522,454.42603771629877,24.675342465753424,601.8,False
Karnataka,chickpea,1995,293410.0,17,482.4299832998194,502.2982591845522,25.084657534246574,669.8,False
Karnataka,chickpea,1996,347960.0,17,557.1893568226233,482.4299832998194,24.956284153005466,851.0,False
Karnataka,chickpea,1997,337200.0,17,341.0437870699881,557.1893568226233,25.109863013698632,513.8,True
Karnataka,chickpea,1998,355340.0,17,569.9323926380368,341.0437870699881,25.312054794520545,793.6,False
Karnataka,chickpea,1999,319390.0,16,549.0173574626632,569.9323926380368,24.563835616438354,541.0,True
Karnataka,chickpea,2000,368800.0,11,648.0493655097614,549.0173574626632,24.585245901639347,727.6,False
Karnataka,chickpea,2001,479710.0,16,587.1046132038107,648.0493655097614,25.093972602739726,454.5,True
Karnataka,chickpea,2002,479800.0,15,524.9911925802418,587.1046132038107,25.31150684931507,501.3,True
Karnataka,chickpea,2003,509530.0,16,335.801245657763,524.9911925802418,25.69698630136986,410.8,True
Karnataka,chickpea,2004,418110.0,17,552.4153050632608,335.801245657763,24.926775956284153,522.3,True
Karnataka,chickpea,2005,418370.0,18,568.8756050864067,552.4153050632608,25.02712328767123,792.7,False
Karnataka,chickpea,2006,650810.0,16,458.6279580830042,568.8756050864067,24.90986301369863,642.8,False
Karnataka,chickpea,2007,604990.0,17,602.3562019206928,458.6279580830042,24.923287671232877,791.3,False
Karnataka,chickpea,2008,726190.0,16,546.6768691389307,602.3562019206928,24.654098360655738,764.8,False
Karnataka,chickpea,2009,972380.0,16,572.8118022789444,546.6768691389307,25.092876712328767,1062.4,False
Karnataka,chickpea,2010,959200.0,17,634.8620384695579,572.8118022789444,25.196438356164386,869.7,False
Karnataka,chickpea,2011,802590.0,15,467.21431939097175,634.8620384695579,24.623013698630135,750.1,False
Karnataka,chickpea,2012,969080.0,16,599.9115682915756,467.21431939097175,24.968852459016393,605.2,False
Karnataka,chickpea,2013,945760.0,17,745.7593883226189,599.9115682915756,24.65068493150685,825.4,False
Karnataka,chickpea,2014,939020.0,17,663.8081448744437,745.7593883226189,24.854246575342465,760.5,False
Karnataka,chickpea,2015,1420410.0,15,388.9523222168247,663.8081448744437,25.26904109589041,541.6,False
Karnataka,chickpea,2016,1002940.0,16,590.8419467764771,388.9523222168247,25.52513661202186,696.8,False
Karnataka,chickpea,2017,1265210.0,16,771.3200118557394,590.8419467764771,25.28109589041096,760.5,False
Karnataka,maize,1967,35700.0,10,1411.7649019607843,801.049109947644,24.459999999999997,907.5,False
Karnataka,maize,1968,49100.0,13,2197.5576578411406,1411.7649019607843,24.499726775956283,745.1,False
Karnataka,maize,1969,55800.0,17,3026.8801075268816,2197.5576578411406,24.995342465753424,672.2,False
Karnataka,maize,1970,63400.0,18,3424.290930599369,3026.8801075268816,24.40767123287671,717.8,False
Karnataka,maize,1971,73700.0,17,3294.4377340569877,3424.290930599369,24.36219178082192,658.7,False
Karnataka,maize,1972,74400.0,17,2951.6125940860215,3294.4377340569877,25.084699453551913,574.3,False
Karnataka,maize,1973,86600.0,18,2787.530103926097,2951.6125940860215,25.009315068493148,678.4,False
Karnataka,maize,1974,94100.0,18,2664.18829968119,2787.530103926097,24.485205479452055,750.8,False
Karnataka,maize,1975,126900.0,18,2978.724255319149,2664.18829968119,24.284657534246573,822.8,False
Karnataka,maize,1976,127100.0,18,2619.983524783635,2978.724255319149,24.782240437158467,512.1,True
Karnataka,maize,1977,139300.0,18,2965.5440847092605,2619.983524783635,24.932876712328767,568.9,False
Karnataka,maize,1978,201600.0,18,2127.9782787698414,2965.5440847092605,24.44082191780822,776.8,False
Karnataka,maize,1979,161600.0,18,2772.2774752475248,2127.9782787698414,25.013972602739727,676.5,False
Karnataka,maize,1980,154600.0,17,2469.5995407503233,2772.2774752475248,24.799726775956287,818.6,False
Karnataka,maize,1981,160200.0,17,2625.4679213483146,2469.5995407503233,24.565479452054795,655.0,False
Karnataka,maize,1982,151500.0,18,2829.7045478547857,2625.4679213483146,24.92876712328767,586.7,False
Karnataka,maize,1983,162100.0,17,2909.9339913633557,2829.7045478547857,24.9,709.0,False
Karnataka,maize,1984,165500.0,17,2497.2815709969786,2909.9339913633557,24.989344262295084,476.2,True
Karnataka,maize,1985,163800.0,18,2482.292808302808,2497.2815709969786,25.206849315068492,390.7,True
Karnataka,maize,1986,170400.0,15,2485.3279929577466,2482.292808302808,25.36958904109589,505.0,True
Karnataka,maize,1987,211200.0,16,2441.761856060606,2485.3279929577466,25.331232876712328,500.6,True
Karnataka,maize,1988,255900.0,18,2648.691078546307,2441.761856060606,25.24098360655738,592.6,False
Karnataka,maize,1989,252800.0,18,2771.758326740506,2648.691078546307,24.867397260273975,671.4,False
Karnataka,maize,1990,249570.0,18,2526.2664034138716,2771.758326740506,24.638904109589042,666.6,False
Karnataka,maize,1991,279600.0,18,3020.8505912017167,2526.2664034138716,25.016438356164382,812.9,False
Karnataka,maize,1992,315260.0,18,3099.4736249444904,3020.8505912017167,24.76010928961749,563.0,False
Karnataka,maize,1993,317520.0,18,2983.812492441421,3099.4736249444904,24.664657534246576,708.5,False
Karnataka,maize,1994,343700.0,18,2873.116563863835,2983.812492441421,24.675342465753424,601.8,False
Karnataka,maize,1995,365100.0,18,3129.0313352506164,2873.116563863835,25.084657534246574,669.8,False
Karnataka,maize,1996,445660.0,18,3108.1991455369566,3129.0313352506164,24.956284153005466,851.0,False
Karnataka,maize,1997,561380.0,18,2691.54663115893,3108.1991455369566,25.109863013698632,513.8,True
Karnataka,maize,1998,512380.0,18,3261.818511456341,2691.54663115893,25.312054794520545,793.6,False
Karnataka,maize,1999,477240.0,18,2794.9907539183637,3261.818511456341,24.563835616438354,541.0,True
Karnataka,maize,2000,668600.0,17,3193.237753514807,2794.9907539183637,24.585245901639347,727.6,False
Karnataka,maize,2001,457500.0,17,2591.5632513661203,3193.237753514807,25.093972602739726,454.5,True
Karnataka,maize,2002,649550.0,18,2067.5232554845666,2591.5632513661203,25.31150684931507,501.3,True
Karnataka,maize,2003,618190.0,18,1957.2285345929245,2067.5232554845666,25.69698630136986,410.8,True
Karnataka,maize,2004,850380.0,18,2950.8685764011384,1957.2285345929245,24.926775956284153,522.3,True
Karnataka,maize,2005,935860.0,19,2998.889369350117,2950.8685764011384,25.02712328767123,792.7,False
Karnataka,maize,2006,960540.0,19,2750.056206925271,2998.889369350117,24.90986301369863,642.8,False
Karnataka,maize,2007,1112820.0,19,2943.908921658489,2750.056206925271,24.923287671232877,791.3,False
Karnataka,maize,2008,1068310.0,19,2767.2683770628378,2943.908921658489,24.654098360655738,764.8,False
Karnataka,maize,2009,1240520.0,19,2357.8819383000678,2767.2683770628378,25.092876712328767,1062.4,False
Karnataka,maize,2010,1287710.0,19,3451.375135007106,2357.8819383000678,25.196438356164386,869.7,False
Karnataka,maize,2011,1349780.0,19,3027.032767488035,3451.375135007106,24.623013698630135,750.1,False
Karnataka,maize,2012,1321670.0,19,2630.0003634038753,3027.032767488035,24.968852459016393,605.2,False
Karnataka,maize,2013,1377200.0,19,3163.222717397619,2630.0003634038753,24.65068493150685,825.4,False
Karnataka,maize,2014,1337080.0,19,3151.3513949053163,3163.222717397619,24.854246575342465,760.5,False
Karnataka,maize,2015,1220310.0,19,2712.8342699805785,3151.3513949053163,25.26904109589041,541.6,False
Karnataka,maize,2016,1370210.0,18,2418.836015428292,2712.8342699805785,25.52513661202186,696.8,False
Karnataka,maize,2017,1307030.0,19,4292.745518924585,2418.836015428292,25.28109589041096,760.5,False
Karnataka,rice,1967,1118300.0,19,1281.0535482428686,1383.389244966443,24.459999999999997,907.5,False
Karnataka,rice,1968,1122000.0,19,1729.9463440285206,1281.0535482428686,24.499726775956283,745.1,False
Karnataka,rice,1969,1152300.0,19,1848.5628837976221,1729.9463440285206,24.995342465753424,672.2,False
Karnataka,rice,1970,1170200.0,19,1700.1365185438387,1848.5628837976221,24.40767123287671,717.8,False
Karnataka,rice,1971,1173200.0,19,1817.166121718377,1700.1365185438387,24.36219178082192,658.7,False
Karnataka,rice,1972,1119600.0,19,1774.4735861021793,1817.166121718377,25.084699453551913,574.3,False
Karnataka,rice,1973,1140400.0,19,1893.0201753770607,1774.4735861021793,25.009315068493148,678.4,False
Karnataka,rice,1974,1113600.0,19,1680.2253547054597,1893.0201753770607,24.485205479452055,750.8,False
Karnataka,rice,1975,1170700.0,19,1836.0816323567096,1680.2253547054597,24.284657534246573,822.8,False
Karnataka,rice,1976,985100.0,19,1586.4389209217338,1836.0816323567096,24.782240437158467,512.1,True
Karnataka,rice,1977,1104300.0,19,2107.4885502128045,1586.4389209217338,24.932876712328767,568.9,False
Karnataka,rice,1978,1129600.0,19,1825.9563571175638,2107.4885502128045,24.44082191780822,776.8,False
Karnataka,rice,1979,1081900.0,19,2062.20423606618,1825.9563571175638,25.013972602739727,676.5,False
Karnataka,rice,1980,1114200.0,19,3023.605577095674,2062.20423606618,24.799726775956287,818.6,False
Karnataka,rice,1981,1161200.0,19,2778.331364967275,3023.605577095674,24.565479452054795,655.0,False
Karnataka,rice,1982,1146900.0,19,1968.9608876100795,2778.331364967275,24.92876712328767,586.7,False
Karnataka,rice,1983,1124600.0,19,1952.7849030766495,1968.9608876100795,24.9,709.0,False
Karnataka,rice,1984,1155900.0,19,2052.7731559823515,1952.7849030766495,24.989344262295084,476.2,True
Karnataka,rice,1985,1040800.0,19,1798.5196800538047,2052.7731559823515,25.206849315068492,390.7,True
Karnataka,rice,1986,1111100.0,19,1954.818873188732,1798.5196800538047,25.36958904109589,505.0,True
Karnataka,rice,1987,1051900.0,19,1814.1466897994105,1954.818873188732,25.331232876712328,500.6,True
Karnataka,rice,1988,1185000.0,19,2034.3460691983123,1814.1466897994105,25.24098360655738,592.6,False
Karnataka,rice,1989,1183300.0,19,2009.1266559621397,2034.3460691983123,24.867397260273975,671.4,False
Karnataka,rice,1990,1173190.0,19,2069.4080882891944,2009.1266559621397,24.638904109589042,666.6,False
Karnataka,rice,1991,1268980.0,19,2222.2881604123,2069.4080882891944,25.016438356164382,812.9,False
Karnataka,rice,1992,1316580.0,19,2330.833943854532,2222.2881604123,24.76010928961749,563.0,False
Karnataka,rice,1993,1373850.0,19,2316.77313280198,2330.833943854532,24.664657534246576,708.5,False
Karnataka,rice,1994,1295540.0,19,2444.933482794819,2316.77313280198,24.675342465753424,601.8,False
Karnataka,rice,1995,1265180.0,19,2390.1112711234764,2444.933482794819,25.084657534246574,669.8,False
Karnataka,rice,1996,1358560.0,19,2363.906804042516,2390.1112711234764,24.956284153005466,851.0,False
Karnataka,rice,1997,1353490.0,19,2373.5742714020794,2363.906804042516,25.109863013698632,513.8,True
Karnataka,rice,1998,1426820.0,19,2562.923312751433,2373.5742714020794,25.312054794520545,793.6,False
Karnataka,rice,1999,1449800.0,19,2563.6075929093668,2562.923312751433,24.563835616438354,541.0,True
Karnataka,rice,2000,1483400.0,19,2592.6919064311714,2563.6075929093668,24.585245901639347,727.6,False
Karnataka,rice,2001,1417710.0,19,2281.186098779017,2592.6919064311714,25.093972602739726,454.5,True
Karnataka,rice,2002,1154790.0,19,2069.70201993436,2281.186098779017,25.31150684931507,501.3,True
Karnataka,rice,2003,1073920.0,19,2374.859071066746,2069.70201993436,25.69698630136986,410.8,True
Karnataka,rice,2004,1308180.0,19,2833.110858444557,2374.859071066746,24.926775956284153,522.3,True
Karnataka,rice,2005,1485170.0,19,2692.804325700088,2833.110858444557,25.02712328767123,792.7,False
Karnataka,rice,2006,1395680.0,19,2611.995183853032,2692.804325700088,24.90986301369863,642.8,False
Karnataka,rice,2007,1416280.0,19,2731.487237340074,2611.995183853032,24.923287671232877,791.3,False
Karnataka,rice,2008,1513990.0,19,2662.7451814080673,2731.487237340074,24.654098360655738,764.8,False
Karnataka,rice,2009,1486490.0,19,2607.3510610229464,2662.7451814080673,25.092876712328767,1062.4,False
Karnataka,rice,2010,1539480.0,19,2790.794010250214,2607.3510610229464,25.196438356164386,869.7,False
Karnataka,rice,2011,1416170.0,19,2793.2813789304955,2790.794010250214,24.623013698630135,750.1,False
Karnataka,rice,2012,1278940.0,19,2630.6166781084335,2793.2813789304955,24.968852459016393,605.2,False
Karnataka,rice,2013,1340050.0,19,3024.1935724040145,2630.6166781084335,24.65068493150685,825.4,False
Karnataka,rice,2014,1326550.0,19,3036.2644785345447,3024.1935724040145,24.854246575342465,760.5,False
Karnataka,rice,2015,1110080.0,19,2721.093384440761,3036.2644785345447,25.26904109589041,541.6,False
Karnataka,rice,2016,1034540.0,19,2778.249702186479,2721.093384440761,25.52513661202186,696.8,False
Karnataka,rice,2017,992950.0,19,2928.184704063649,2778.249702186479,25.28109589041096,760.5,False
Kerala,maize,2014,60.0,1,1000.0,1400.0,26.26410958904109,2114.6,False
Kerala,maize,2015,60.0,2,1166.6666666666667,1000.0,26.125479452054797,2045.3,False
Kerala,maize,2016,60.0,1,881.36,1166.6666666666667,26.590710382513663,1549.7,True
Kerala,maize,2017,70.0,2,2268.8385714285714,881.36,26.755342465753422,3515.4,False
Kerala,rice,1967,809550.0,9,1388.3005109011178,1359.0471494152227,25.393972602739723,2889.5,False
Kerala,rice,1968,870870.0,9,1437.170542216404,1388.3005109011178,25.489071038251367,2542.3,False
Kerala,rice,1969,874100.0,9,1403.0529247225718,1437.170542216404,25.757808219178084,2545.1,False
Kerala,rice,1970,874830.0,10,1483.7505554221964,1403.0529247225718,25.54219178082192,2263.7,False
Kerala,rice,1971,875160.0,10,1544.5635983134514,1483.7505554221964,25.44164383561644,2085.3,False
Kerala,rice,1972,873720.0,10,1575.2888045369225,1544.5635983134514,25.797814207650276,2175.6,False
Kerala,rice,1973,873690.0,10,1438.793350158523,1575.2888045369225,25.82493150684932,1832.0,True
Kerala,rice,1974,881480.0,10,1513.3037041112673,1438.793350158523,25.538630136986303,1918.2,False
Kerala,rice,1975,876040.0,10,1558.0278131135565,1513.3037041112673,25.54958904109589,2451.3,False
Kerala,rice,1976,854390.0,10,1467.741141633212,1558.0278131135565,25.68579234972677,1973.8,False
Kerala,rice,1977,840370.0,10,1540.549853397908,1467.741141633212,25.83780821917808,1904.3,False
Kerala,rice,1978,799250.0,10,1593.160738567407,1540.549853397908,25.79616438356165,2294.7,False
Kerala,rice,1979,793270.0,10,1638.4136855043048,1593.160738567407,26.30958904109589,1799.5,True
Kerala,rice,1980,801700.0,10,1586.5837988025446,1638.4136855043048,25.89863387978142,2143.4,False
Kerala,rice,1981,806880.0,10,1659.9880070146737,1586.5837988025446,25.76027397260274,2067.9,False
Kerala,rice,1982,778490.0,10,1677.8668969415148,1659.9880070146737,26.050136986301368,1563.4,True
Kerala,rice,1983,750090.0,10,1610.3667707875054,1677.8668969415148,26.186301369863013,2047.4,False
Kerala,rice,1984,730380.0,10,1719.5170871327257,1610.3667707875054,25.38169398907104,1886.5,False
Kerala,rice,1985,678290.0,10,1729.451682761061,1719.5170871327257,25.767123287671232,1587.3,True
Kerala,rice,1986,663800.0,10,1708.0309475745707,1729.451682761061,26.09945205479452,1511.1,True
Kerala,rice,1987,604090.0,10,1709.3800365839527,1708.0309475745707,26.505479452054796,1482.5,True
Kerala,rice,1988,577560.0,10,1753.1686868896736,1709.3800365839527,25.981420765027323,2005.3,False
Kerala,rice,1989,583360.0,10,1956.323262136588,1753.1686868896736,25.836986301369866,1991.7,False
Kerala,rice,1990,559450.0,10,1942.2248460094734,1956.323262136588,25.94054794520548,1996.4,False
Kerala,rice,1991,541330.0,10,1958.7856667836625,1942.2248460094734,26.10794520547945,2297.9,False
Kerala,rice,1992,537620.0,10,2017.9880947509394,1958.7856667836625,25.69207650273224,2338.0,False
Kerala,rice,1993,507840.0,10,1976.9209048125392,2017.9880947509394,25.752876712328764,1997.1,False
Kerala,rice,1994,503300.0,10,1937.3510721239818,1976.9209048125392,25.804109589041097,2131.6,False
Kerala,rice,1995,471150.0,10,2022.7743489334607,1937.3510721239818,26.007123287671234,2113.6,False
Kerala,rice,1996,430840.0,10,2022.4934444341288,2022.7743489334607,25.874863387978145,2343.9,False
Kerala,rice,1997,387140.0,10,1975.0248470837425,2022.4934444341288,26.11260273972603,2116.1,False
Kerala,rice,1998,352650.0,10,2060.8264315893944,1975.0248470837425,26.251506849315067,2128.4,False
Kerala,rice,1999,349790.0,10,2203.3209560021724,2060.8264315893944,25.605479452054794,1869.8,False
Kerala,rice,2000,347460.0,10,2162.359759684568,2203.3209560021724,25.709562841530055,1741.9,True
Kerala,rice,2001,322370.0,10,2182.301243602072,2162.359759684568,25.88876712328767,1839.4,False
Kerala,rice,2002,310530.0,10,2218.3010140727147,2182.301243602072,25.97945205479452,1698.2,True
Kerala,rice,2003,287340.0,10,1983.8815142340084,2218.3010140727147,26.02575342465753,2149.2,False
Kerala,rice,2004,289990.0,10,2300.5002569054104,1983.8815142340084,25.97377049180328,2164.3,False
Kerala,rice,2005,275740.0,10,2284.6775262928845,2300.5002569054104,25.986849315068493,2150.6,False
Kerala,rice,2006,263540.0,10,2434.463101995902,2284.6775262928845,25.872328767123285,2217.5,False
Kerala,rice,2007,228940.0,10,2308.4156381584694,2434.463101995902,25.92684931506849,2790.5,False
Kerala,rice,2008,234280.0,10,2519.3524709749017,2308.4156381584694,25.682240437158477,2191.2,False
Kerala,rice,2009,234020.0,10,2556.738594991881,2519.3524709749017,26.035616438356165,2609.7,False
Kerala,rice,2010,213200.0,10,2451.8919863977485,2556.738594991881,26.13205479452055,2794.2,False
Kerala,rice,2011,208170.0,10,2733.3982922611326,2451.8919863977485,25.73068493150685,2722.7,False
Kerala,rice,2012,197280.0,10,2576.579683191403,2733.3982922611326,26.15573770491803,1828.5,True
Kerala,rice,2013,199610.0,10,2827.2218425930564,2576.579683191403,25.97616438356164,2370.3,False
Kerala,rice,2014,198170.0,10,2836.401357420397,2827.2218425930564,26.26410958904109,2114.6,False
Kerala,rice,2015,196870.0,10,2790.1030685223755,2836.401357420397,26.125479452054797,2045.3,False
Kerala,rice,2016,171390.0,10,2546.590001750394,2790.1030685223755,26.590710382513663,1549.7,True
Kerala,rice,2017,189100.0,10,2757.0155780010573,2546.590001750394,26.755342465753422,3515.4,False
Madhya Pradesh,chickpea,1967,1415000.0,37,563.2507349823321,373.5142958656331,25.96958904109589,1429.3,False
Madhya Pradesh,chickpea,1968,1400700.0,37,491.89716713072033,563.2507349823321,25.373497267759564,1505.6,False
Madhya Pradesh,chickpea,1969,1443300.0,37,558.7888353079748,491.89716713072033,25.97178082191781,1250.2,False
Madhya Pradesh,chickpea,1970,1519100.0,37,528.9315765914029,558.7888353079748,25.127397260273973,1260.3,False
Madhya Pradesh,chickpea,1971,1588100.0,37,687.8019551665512,528.9315765914029,24.684657534246572,1523.7,False
Madhya Pradesh,chickpea,1972,1526100.0,37,690.9114867964091,687.8019551665512,26.04071038251366,1092.9,False
Madhya Pradesh,chickpea,1973,1722700.0,37,577.8142595925001,690.9114867964091,25.595890410958905,1588.9,False
Madhya Pradesh,chickpea,1974,1734200.0,37,623.3425833237228,577.8142595925001,25.686027397260272,937.3,False
Madhya Pradesh,chickpea,1975,1802900.0,37,648.676528370958,623.3425833237228,25.32,1279.6,False
Madhya Pradesh,chickpea,1976,1897100.0,37,532.5498239418059,648.676528370958,25.782513661202184,1144.0,False
Madhya Pradesh,chickpea,1977,1676600.0,37,527.6754789454849,532.5498239418059,25.69698630136986,1410.5,False
Madhya Pradesh,chickpea,1978,1631000.0,37,607.8486836296751,527.6754789454849,24.90986301369863,1173.0,False
Madhya Pradesh,chickpea,1979,2042800.0,37,440.62052379087527,607.8486836296751,26.07945205479452,764.6,True
Madhya Pradesh,chickpea,1980,1697800.0,37,613.0286488396749,440.62052379087527,26.095901639344262,1817.5,False
Madhya Pradesh,chickpea,1981,1906700.0,37,704.7789662768133,613.0286488396749,25.1454794520548,815.4,True
Madhya Pradesh,chickpea,1982,2213600.0,37,711.8272985182508,704.7789662768133,25.356438356164382,1295.6,False
Madhya Pradesh,chickpea,1983,2091500.0,37,673.7752316519244,711.8272985182508,25.03698630136986,924.0,False
Madhya Pradesh,chickpea,1984,1927600.0,37,630.8360235526043,673.7752316519244,25.33087431693989,1002.0,False
Madhya Pradesh,chickpea,1985,1989900.0,37,698.6789225589225,630.8360235526043,25.668767123287672,854.0,True
Madhya Pradesh,chickpea,1986,1915500.0,37,667.1880762203081,698.6789225589225,25.672054794520545,1204.8,False
Madhya Pradesh,chickpea,1987,2035800.0,37,681.7951694665488,667.1880762203081,25.72986301369863,682.8,True
Madhya Pradesh,chickpea,1988,2091900.0,37,669.7738586930542,681.7951694665488,25.97322404371585,1030.3,False
Madhya Pradesh,chickpea,1989,1929100.0,37,678.7624949458296,669.7738586930542,25.484383561643835,753.9,True
Madhya Pradesh,chickpea,1990,2257800.0,37,792.9407046682611,678.7624949458296,25.127123287671232,1307.7,False
Madhya Pradesh,chickpea,1991,1947600.0,37,818.7508014992811,792.9407046682611,26.03945205479452,1127.2,False
Madhya Pradesh,chickpea,1992,2162800.0,37,765.1651960421675,818.7508014992811,25.8344262295082,600.6,True
Madhya Pradesh,chickpea,1993,2156900.0,37,853.0763452176735,765.1651960421675,25.42986301369863,1262.3,False
Madhya Pradesh,chickpea,1994,2539500.0,37,926.4820244142547,853.0763452176735,25.44356164383561,1383.9,False
Madhya Pradesh,chickpea,1995,2461000.0,37,766.7207269402682,926.4820244142547,25.80054794520548,892.8,True
Madhya Pradesh,chickpea,1996,2324500.0,37,935.0828147988815,766.7207269402682,25.76065573770492,1148.7,False
Madhya Pradesh,chickpea,1997,2410200.0,37,981.5785163057008,935.0828147988815,24.96109589041096,1279.3,False
Madhya Pradesh,chickpea,1998,2477200.0,37,950.2664597125787,981.5785163057008,25.84520547945205,1028.8,False
Madhya Pradesh,chickpea,1999,2572100.0,37,985.6534640954861,950.2664597125787,25.06410958904109,1300.7,False
Madhya Pradesh,chickpea,2000,1972300.0,37,819.9560928864777,985.6534640954861,25.269672131147544,938.1,False
Madhya Pradesh,chickpea,2001,2547800.0,37,944.0690160138158,819.9560928864777,25.382465753424658,996.8,False
Madhya Pradesh,chickpea,2002,2464500.0,37,693.9739715966728,944.0690160138158,26.13041095890411,986.0,False
Madhya Pradesh,chickpea,2003,2785200.0,37,926.9705999569151,693.9739715966728,25.76,1336.3,False
Madhya Pradesh,chickpea,2004,2686480.0,37,919.991847063816,926.9705999569151,25.80573770491803,1011.8,False
Madhya Pradesh,chickpea,2005,2534590.0,37,937.0076751269437,919.991847063816,25.763013698630136,1197.7,False
Madhya Pradesh,chickpea,2006,2584650.0,37,988.0134782272261,937.0076751269437,25.64,1273.1,False
Madhya Pradesh,chickpea,2007,2655700.0,37,723.9896016116278,988.0134782272261,25.804931506849314,900.7,True
Madhya Pradesh,chickpea,2008,2828000.0,37,983.310025106082,723.9896016116278,25.682513661202183,888.4,True
Madhya Pradesh,chickpea,2009,3007800.0,37,1069.952064631957,983.310025106082,26.476438356164383,1052.5,False
Madhya Pradesh,chickpea,2010,2882300.0,37,784.9639308885265,1069.952064631957,26.559726027397257,772.4,True
Madhya Pradesh,chickpea,2011,3037600.0,37,1082.1701418883329,784.9639308885265,25.32493150684932,1560.6,False
Madhya Pradesh,chickpea,2012,2716270.0,37,1206.816717741609,1082.1701418883329,25.35765027322404,1040.9,False
Madhya Pradesh,chickpea,2013,2774320.0,37,757.8543735762277,1206.816717741609,25.073698630136985,1639.7,False
Madhya Pradesh,chickpea,2014,2796000.0,37,1050.7867525035765,757.8543735762277,26.005479452054796,830.4,True
Madhya Pradesh,chickpea,2015,3018000.0,37,1108.0191219350563,1050.7867525035765,25.890136986301368,1229.0,False
Madhya Pradesh,chickpea,2016,3223000.0,37,1410.4870927707104,1108.0191219350563,25.942622950819672,1419.6,False
Madhya Pradesh,chickpea,2017,3590000.0,37,1500.0086863788301,1410.4870927707104,26.084383561643836,966.3,False
Madhya Pradesh,maize,1967,510900.0,36,1082.2072753963594,745.4662863770561,25.96958904109589,1429.3,False
Madhya Pradesh,maize,1968,498800.0,36,519.8472794707297,1082.2072753963594,25.373497267759564,1505.6,False
Madhya Pradesh,maize,1969,487800.0,36,641.4519741697417,519.8472794707297,25.97178082191781,1250.2,False
Madhya Pradesh,maize,1970,496500.0,36,998.9927331319235,641.4519741697417,25.127397260273973,1260.3,False
Madhya Pradesh,maize,1971,500800.0,36,789.5372244408945,998.9927331319235,24.684657534246572,1523.7,False
Madhya Pradesh,maize,1972,527900.0,36,981.2464709225233,789.5372244408945,26.04071038251366,1092.9,False
Madhya Pradesh,maize,1973,525500.0,36,631.0188049476689,981.2464709225233,25.595890410958905,1588.9,False
Madhya Pradesh,maize,1974,555900.0,36,751.7525706062241,631.0188049476689,25.686027397260272,937.3,False
Madhya Pradesh,maize,1975,546600.0,36,1157.8843944383461,751.7525706062241,25.32,1279.6,False
Madhya Pradesh,maize,1976,576300.0,36,1090.2304927988894,1157.8843944383461,25.782513661202184,1144.0,False
Madhya Pradesh,maize,1977,597200.0,36,828.7008807769591,1090.2304927988894,25.69698630136986,1410.5,False
Madhya Pradesh,maize,1978,599300.0,37,845.4857683964625,828.7008807769591,24.90986301369863,1173.0,False
Madhya Pradesh,maize,1979,633400.0,36,697.662530786233,845.4857683964625,26.07945205479452,764.6,True
Madhya Pradesh,maize,1980,659000.0,36,913.3535174506828,697.662530786233,26.095901639344262,1817.5,False
Madhya Pradesh,maize,1981,669400.0,36,1017.1785658798924,913.3535174506828,25.1454794520548,815.4,True
Madhya Pradesh,maize,1982,655800.0,36,992.9857166819152,1017.1785658798924,25.356438356164382,1295.6,False
Madhya Pradesh,maize,1983,683700.0,36,1424.4543922773146,992.9857166819152,25.03698630136986,924.0,False
Madhya Pradesh,maize,1984,703800.0,36,1408.780207445297,1424.4543922773146,25.33087431693989,1002.0,False
Madhya Pradesh,maize,1985,724300.0,36,824.2440328593125,1408.780207445297,25.668767123287672,854.0,True
Madhya Pradesh,maize,1986,721000.0,36,940.2223328710124,824.2440328593125,25.672054794520545,1204.8,False
Madhya Pradesh,maize,1987,735500.0,36,1037.7975390890551,940.2223328710124,25.72986301369863,682.8,True
Madhya Pradesh,maize,1988,771000.0,36,1450.1934656290532,1037.7975390890551,25.97322404371585,1030.3,False
Madhya Pradesh,maize,1989,760300.0,36,1682.229935551756,1450.1934656290532,25.484383561643835,753.9,True
Madhya Pradesh,maize,1990,768700.0,37,1461.6876232600493,1682.229935551756,25.127123287671232,1307.7,False
Madhya Pradesh,maize,1991,768900.0,36,959.1624762647939,1461.6876232600493,26.03945205479452,1127.2,False
Madhya Pradesh,maize,1992,798700.0,36,1607.3611731563792,959.1624762647939,25.8344262295082,600.6,True
Madhya Pradesh,maize,1993,794300.0,36,1497.9215095052248,1607.3611731563792,25.42986301369863,1262.3,False
Madhya Pradesh,maize,1994,755300.0,36,1003.3093883225208,1497.9215095052248,25.44356164383561,1383.9,False
Madhya Pradesh,maize,1995,753300.0,35,1331.2105190495154,1003.3093883225208,25.80054794520548,892.8,True
Madhya Pradesh,maize,1996,745400.0,36,1108.3967815937751,1331.2105190495154,25.76065573770492,1148.7,False
Madhya Pradesh,maize,1997,759100.0,35,1347.5182176261362,1108.3967815937751,24.96109589041096,1279.3,False
Madhya Pradesh,maize,1998,743000.0,36,1400.1344562584118,1347.5182176261362,25.84520547945205,1028.8,False
Madhya Pradesh,maize,1999,791700.0,35,1601.7428685107996,1400.1344562584118,25.06410958904109,1300.7,False
Madhya Pradesh,maize,2000,829300.0,36,1459.0615277945255,1601.7428685107996,25.269672131147544,938.1,False
Madhya Pradesh,maize,2001,843100.0,36,1983.869581307081,1459.0615277945255,25.382465753424658,996.8,False
Madhya Pradesh,maize,2002,849000.0,36,1750.9997785630153,1983.869581307081,26.13041095890411,986.0,False
Madhya Pradesh,maize,2003,898600.0,36,2068.104893167149,1750.9997785630153,25.76,1336.3,False
Madhya Pradesh,maize,2004,873550.0,37,1399.976287562246,2068.104893167149,25.80573770491803,1011.8,False
Madhya Pradesh,maize,2005,852640.0,36,1454.9166105273034,1399.976287562246,25.763013698630136,1197.7,False
Madhya Pradesh,maize,2006,879440.0,36,961.9875770945147,1454.9166105273034,25.64,1273.1,False
Madhya Pradesh,maize,2007,841800.0,36,1320.0291173675457,961.9875770945147,25.804931506849314,900.7,True
Madhya Pradesh,maize,2008,830200.0,36,1369.067730667309,1320.0291173675457,25.682513661202183,888.4,True
Madhya Pradesh,maize,2009,812500.0,36,1253.9078941538462,1369.067730667309,26.476438356164383,1052.5,False
Madhya Pradesh,maize,2010,837900.0,36,1589.8092564745195,1253.9078941538462,26.559726027397257,772.4,True
Madhya Pradesh,maize,2011,851900.0,36,1502.053474586219,1589.8092564745195,25.32493150684932,1560.6,False
Madhya Pradesh,maize,2012,854550.0,36,2785.9225310397287,1502.053474586219,25.35765027322404,1040.9,False
Madhya Pradesh,maize,2013,851650.0,36,1745.0242397698585,2785.9225310397287,25.073698630136985,1639.7,False
Madhya Pradesh,maize,2014,1131000.0,36,2236.958620689655,1745.0242397698585,26.005479452054796,830.4,True
Madhya Pradesh,maize,2015,1100000.0,35,2644.545381818182,2236.958620689655,25.890136986301368,1229.0,False
Madhya Pradesh,maize,2016,1264000.0,34,3401.8993117088608,2644.545381818182,25.942622950819672,1419.6,False
Madhya Pradesh,maize,2017,1352160.0,36,3559.17347799077,3401.8993117088608,26.084383561643836,966.3,False
Madhya Pradesh,rice,1967,1249900.0,37,663.571871349708,294.5059420746104,25.96958904109589,1429.3,False
Madhya Pradesh,rice,1968,1308700.0,37,510.8892534576297,663.571871349708,25.373497267759564,1505.6,False
Madhya Pradesh,rice,1969,1341300.0,37,686.7970938641616,510.8892534576297,25.97178082191781,1250.2,False
Madhya Pradesh,rice,1970,1338400.0,37,706.3668073819485,686.7970938641616,25.127397260273973,1260.3,False
Madhya Pradesh,rice,1971,1445300.0,37,803.7775714384557,706.3668073819485,24.684657534246572,1523.7,False
Madhya Pradesh,rice,1972,1453500.0,37,611.5579284485724,803.7775714384557,26.04071038251366,1092.9,False
Madhya Pradesh,rice,1973,1406400.0,37,727.8872781569966,611.5579284485724,25.595890410958905,1588.9,False
Madhya Pradesh,rice,1974,1401000.0,37,440.327113490364,727.8872781569966,25.686027397260272,937.3,False
Madhya Pradesh,rice,1975,1429000.0,37,772.7772750174947,440.327113490364,25.32,1279.6,False
Madhya Pradesh,rice,1976,1474600.0,37,599.8236748948867,772.7772750174947,25.782513661202184,1144.0,False
Madhya Pradesh,rice,1977,1532400.0,37,785.9565002610284,599.8236748948867,25.69698630136986,1410.5,False
Madhya Pradesh,rice,1978,1570000.0,37,663.248094267516,785.9565002610284,24.90986301369863,1173.0,False
Madhya Pradesh,rice,1979,1517000.0,36,231.31252669742915,663.248094267516,26.07945205479452,764.6,True
Madhya Pradesh,rice,1980,1529100.0,37,780.982927866065,231.31252669742915,26.095901639344262,1817.5,False
Madhya Pradesh,rice,1981,1514100.0,37,671.4878019945843,780.982927866065,25.1454794520548,815.4,True
Madhya Pradesh,rice,1982,1459500.0,37,677.4909516957862,671.4878019945843,25.356438356164382,1295.6,False
Madhya Pradesh,rice,1983,1528300.0,37,837.0083982202448,677.4909516957862,25.03698630136986,924.0,False
Madhya Pradesh,rice,1984,1469200.0,37,492.3097481622652,837.0083982202448,25.33087431693989,1002.0,False
Madhya Pradesh,rice,1985,1538900.0,37,895.7696568977841,492.3097481622652,25.668767123287672,854.0,True
Madhya Pradesh,rice,1986,1522100.0,37,637.605818934367,895.7696568977841,25.672054794520545,1204.8,False
Madhya Pradesh,rice,1987,1257400.0,37,717.3524487036742,637.605818934367,25.72986301369863,682.8,True
Madhya Pradesh,rice,1988,1553000.0,37,838.2482923374115,717.3524487036742,25.97322404371585,1030.3,False
Madhya Pradesh,rice,1989,1483700.0,37,694.144548763227,838.2482923374115,25.484383561643835,753.9,True
Madhya Pradesh,rice,1990,1516300.0,37,919.8053980083097,694.144548763227,25.127123287671232,1307.7,False
Madhya Pradesh,rice,1991,1519100.0,37,617.5362576525574,919.8053980083097,26.03945205479452,1127.2,False
Madhya Pradesh,rice,1992,1533000.0,35,747.0973078930202,617.5362576525574,25.8344262295082,600.6,True
Madhya Pradesh,rice,1993,1526900.0,35,855.1957724801886,747.0973078930202,25.42986301369863,1262.3,False
Madhya Pradesh,rice,1994,1572400.0,34,902.6329591706944,855.1957724801886,25.44356164383561,1383.9,False
Madhya Pradesh,rice,1995,1582800.0,35,740.3318435683599,902.6329591706944,25.80054794520548,892.8,True
Madhya Pradesh,rice,1996,1557500.0,35,815.4093707865169,740.3318435683599,25.76065573770492,1148.7,False
Madhya Pradesh,rice,1997,1617000.0,34,735.373680890538,815.4093707865169,24.96109589041096,1279.3,False
Madhya Pradesh,rice,1998,1490000.0,34,878.3886174496645,735.373680890538,25.84520547945205,1028.8,False
Madhya Pradesh,rice,1999,1700800.0,34,1005.408654162747,878.3886174496645,25.06410958904109,1300.7,False
Madhya Pradesh,rice,2000,1697800.0,34,574.3899287312993,1005.408654162747,25.269672131147544,938.1,False
Madhya Pradesh,rice,2001,1766200.0,34,954.4794100328388,574.3899287312993,25.382465753424658,996.8,False
Madhya Pradesh,rice,2002,1671100.0,34,613.3090922147089,954.4794100328388,26.13041095890411,986.0,False
Madhya Pradesh,rice,2003,1708600.0,34,1020.249632447618,613.3090922147089,25.76,1336.3,False
Madhya Pradesh,rice,2004,1675560.0,37,777.4176520088806,1020.249632447618,25.80573770491803,1011.8,False
Madhya Pradesh,rice,2005,1700460.0,36,992.3741081824918,777.4176520088806,25.763013698630136,1197.7,False
Madhya Pradesh,rice,2006,1674050.0,36,829.8727759624861,992.3741081824918,25.64,1273.1,False
Madhya Pradesh,rice,2007,1634900.0,34,534.9316031561564,829.8727759624861,25.804931506849314,900.7,True
Madhya Pradesh,rice,2008,1706500.0,34,607.6356103135072,534.9316031561564,25.682513661202183,888.4,True
Madhya Pradesh,rice,2009,1593000.0,34,850.9735153797866,607.6356103135072,26.476438356164383,1052.5,False
Madhya Pradesh,rice,2010,1573500.0,34,1122.7200279631395,850.9735153797866,26.559726027397257,772.4,True
Madhya Pradesh,rice,2011,1651800.0,34,1344.230996488679,1122.7200279631395,25.32493150684932,1560.6,False
Madhya Pradesh,rice,2012,1791170.0,35,1658.7714458147468,1344.230996488679,25.35765027322404,1040.9,False
Madhya Pradesh,rice,2013,1881540.0,35,1765.4307091531405,1658.7714458147468,25.073698630136985,1639.7,False
Madhya Pradesh,rice,2014,2057000.0,32,1712.5226057365094,1765.4307091531405,26.005479452054796,830.4,True
Madhya Pradesh,rice,2015,2026000.0,30,1684.4332971372162,1712.5226057365094,25.890136986301368,1229.0,False
Madhya Pradesh,rice,2016,2287000.0,30,2404.551460428509,1684.4332971372162,25.942622950819672,1419.6,False
Madhya Pradesh,rice,2017,2035140.0,36,2407.232812435508,2404.551460428509,26.084383561643836,966.3,False
Maharashtra,chickpea,1967,346600.0,24,277.5529371032891,311.141568088033,26.752328767123288,817.2,False
Maharashtra,chickpea,1968,354900.0,24,338.4055367709214,277.5529371032891,25.84153005464481,700.9,False
Maharashtra,chickpea,1969,346400.0,24,274.53701501154734,338.4055367709214,27.051506849315068,479.5,True
Maharashtra,chickpea,1970,319400.0,24,288.35341264871636,274.53701501154734,25.873698630136985,988.2,False
Maharashtra,chickpea,1971,410200.0,24,309.8481350560702,288.35341264871636,26.27671232876712,498.4,True
Maharashtra,chickpea,1972,259000.0,24,187.6449922779923,309.8481350560702,27.420491803278686,342.4,True
Maharashtra,chickpea,1973,357500.0,24,366.71471888111887,187.6449922779923,26.48109589041096,774.9,False
Maharashtra,chickpea,1974,408000.0,24,351.96002205882354,366.71471888111887,26.266027397260277,587.1999999999999,True
Maharashtra,chickpea,1975,446300.0,24,404.43699081335427,351.96002205882354,25.828767123287676,754.2,False
Maharashtra,chickpea,1976,420800.0,24,312.9737024714829,404.43699081335427,26.536612021857923,665.0,False
Maharashtra,chickpea,1977,424300.0,24,312.2783902898892,312.9737024714829,26.592602739726026,672.4,False
Maharashtra,chickpea,1978,433000.0,24,342.2621847575058,312.2783902898892,26.03972602739726,565.2,True
Maharashtra,chickpea,1979,453000.0,24,382.1202229580574,342.2621847575058,26.81945205479452,676.7,False
Maharashtra,chickpea,1980,428900.0,24,348.56562368850547,382.1202229580574,26.79207650273224,627.9,False
Maharashtra,chickpea,1981,460900.0,24,383.81527880234324,348.56562368850547,26.02219178082192,575.4,True
Maharashtra,chickpea,1982,436800.0,24,339.05688644688644,383.81527880234324,26.62876712328767,460.6,True
Maharashtra,chickpea,1983,494900.0,24,427.560612244898,339.05688644688644,26.03068493150685,823.4,False
Maharashtra,chickpea,1984,509300.0,24,396.0338052228549,427.560612244898,26.80191256830601,380.0,True
Maharashtra,chickpea,1985,533800.0,24,328.9620194829524,396.0338052228549,27.216164383561644,305.4,True
Maharashtra,chickpea,1986,485800.0,24,269.4532111980239,328.9620194829524,26.938082191780826,663.2,False
Maharashtra,chickpea,1987,562500.0,24,409.777584,269.4532111980239,26.622739726027397,497.2,True
Maharashtra,chickpea,1988,667300.0,24,610.9693661022029,409.777584,26.327049180327872,804.6,False
Maharashtra,chickpea,1989,627200.0,24,533.4821699617347,610.9693661022029,25.707123287671237,1012.3,False
Maharashtra,chickpea,1990,667500.0,24,531.5359235955057,533.4821699617347,25.37726027397261,982.0,False
Maharashtra,chickpea,1991,433100.0,25,476.10261140614176,531.5359235955057,26.09232876712329,655.8,False
Maharashtra,chickpea,1992,591400.0,24,509.80755157253975,476.10261140614176,25.73743169398907,822.4,False
Maharashtra,chickpea,1993,681000.0,24,724.5234919236417,509.80755157253975,25.42849315068493,895.3,False
Maharashtra,chickpea,1994,763200.0,24,613.99482442348,724.5234919236417,25.425205479452057,706.2,False
Maharashtra,chickpea,1995,717100.0,24,524.3332059684842,613.99482442348,25.646575342465752,661.9,False
Maharashtra,chickpea,1996,749500.0,24,664.9773075383589,524.3332059684842,26.037704918032784,656.1,False
Maharashtra,chickpea,1997,706800.0,25,402.0923089983022,664.9773075383589,25.70931506849315,602.2,False
Maharashtra,chickpea,1998,902500.0,25,621.1632930747923,402.0923089983022,26.174794520547945,625.3,False
Maharashtra,chickpea,1999,932500.0,24,643.4312986595174,621.1632930747923,25.60767123287671,714.9,False
Maharashtra,chickpea,2000,676200.0,24,518.782031943212,643.4312986595174,25.566666666666663,868.5,False
Maharashtra,chickpea,2001,756300.0,24,595.6629670765569,518.782031943212,25.88054794520548,618.3,False
Maharashtra,chickpea,2002,796200.0,24,563.3016691785983,595.6629670765569,25.917534246575343,768.7,False
Maharashtra,chickpea,2003,795200.0,24,529.5511305331992,563.3016691785983,26.15205479452055,607.6,False
Maharashtra,chickpea,2004,829900.0,24,561.7546499578262,529.5511305331992,25.92021857923497,756.0,False
Maharashtra,chickpea,2005,1020400.0,24,691.1022510780086,561.7546499578262,25.864109589041096,634.2,False
Maharashtra,chickpea,2006,1308100.0,24,707.2091170399816,691.1022510780086,25.996164383561645,851.7,False
Maharashtra,chickpea,2007,1353300.0,24,824.4281378851696,707.2091170399816,26.148219178082197,701.4,False
Maharashtra,chickpea,2008,1143300.0,24,676.8995889092977,824.4281378851696,25.911202185792348,856.3,False
Maharashtra,chickpea,2009,1291400.0,24,862.9475352330804,676.8995889092977,26.486849315068493,1082.8,False
Maharashtra,chickpea,2010,1437900.0,24,904.2280909659921,862.9475352330804,26.37178082191781,992.5,False
Maharashtra,chickpea,2011,1075100.0,24,797.3032555111153,904.2280909659921,25.758082191780822,600.2,False
Maharashtra,chickpea,2012,1134500.0,23,764.777837814015,797.3032555111153,26.22377049180328,510.9,True
Maharashtra,chickpea,2013,1519500.0,23,921.7771194471866,764.777837814015,25.77780821917808,1164.9,False
Maharashtra,chickpea,2014,1427500.0,23,761.9615628721541,921.7771194471866,25.955890410958904,707.2,False
Maharashtra,chickpea,2015,1442020.0,25,538.6044042384988,761.9615628721541,26.59095890410959,690.7,False
Maharashtra,chickpea,2016,1929130.0,24,1006.114503999212,538.6044042384988,26.41229508196721,783.6,False
Maharashtra,chickpea,2017,2234050.0,23,917.1226904500794,1006.114503999212,25.747945205479454,894.5,False
Maharashtra,maize,1967,43000.0,19,853.4886046511627,1191.919696969697,26.752328767123288,817.2,False
Maharashtra,maize,1968,43800.0,18,801.3708219178083,853.4886046511627,25.84153005464481,700.9,False
Maharashtra,maize,1969,45900.0,20,662.3081481481481,801.3708219178083,27.051506849315068,479.5,True
Maharashtra,maize,1970,45500.0,21,560.4397582417582,662.3081481481481,25.873698630136985,988.2,False
Maharashtra,maize,1971,37800.0,20,608.4648677248678,560.4397582417582,26.27671232876712,498.4,True
Maharashtra,maize,1972,34400.0,19,473.8365988372093,608.4648677248678,27.420491803278686,342.4,True
Maharashtra,maize,1973,51500.0,20,819.4189902912622,473.8365988372093,26.48109589041096,774.9,False
Maharashtra,maize,1974,52400.0,21,740.4580534351145,819.4189902912622,26.266027397260277,587.1999999999999,True
Maharashtra,maize,1975,59900.0,21,1440.7349749582638,740.4580534351145,25.828767123287676,754.2,False
Maharashtra,maize,1976,59600.0,23,1800.3353187919463,1440.7349749582638,26.536612021857923,665.0,False
Maharashtra,maize,1977,58400.0,21,1498.2866609589041,1800.3353187919463,26.592602739726026,672.4,False
Maharashtra,maize,1978,62700.0,21,1711.3224880382775,1498.2866609589041,26.03972602739726,565.2,True
Maharashtra,maize,1979,65000.0,25,1786.1531538461538,1711.3224880382775,26.81945205479452,676.7,False
Maharashtra,maize,1980,66400.0,25,1888.5546686746989,1786.1531538461538,26.79207650273224,627.9,False
Maharashtra,maize,1981,69300.0,23,1810.9671428571428,1888.5546686746989,26.02219178082192,575.4,True
Maharashtra,maize,1982,73300.0,24,1497.9527148703955,1810.9671428571428,26.62876712328767,460.6,True
Maharashtra,maize,1983,91700.0,23,1586.6955943293349,1497.9527148703955,26.03068493150685,823.4,False
Maharashtra,maize,1984,85100.0,24,1254.9936662749706,1586.6955943293349,26.80191256830601,380.0,True
Maharashtra,maize,1985,76900.0,22,1335.4990637191158,1254.9936662749706,27.216164383561644,305.4,True
Maharashtra,maize,1986,91400.0,19,893.8734135667396,1335.4990637191158,26.938082191780826,663.2,False
Maharashtra,maize,1987,104600.0,20,1184.5119120458892,893.8734135667396,26.622739726027397,497.2,True
Maharashtra,maize,1988,114000.0,22,1229.8252368421054,1184.5119120458892,26.327049180327872,804.6,False
Maharashtra,maize,1989,93300.0,20,1128.616602357985,1229.8252368421054,25.707123287671237,1012.3,False
Maharashtra,maize,1990,103800.0,21,1205.2035934489402,1128.616602357985,25.37726027397261,982.0,False
Maharashtra,maize,1991,122000.0,20,1058.1962540983607,1205.2035934489402,26.09232876712329,655.8,False
Maharashtra,maize,1992,176500.0,21,1553.5411558073654,1058.1962540983607,25.73743169398907,822.4,False
Maharashtra,maize,1993,230200.0,24,1692.4405907906169,1553.5411558073654,25.42849315068493,895.3,False
Maharashtra,maize,1994,246000.0,24,1536.9921544715446,1692.4405907906169,25.425205479452057,706.2,False
Maharashtra,maize,1995,179000.0,21,1492.1802346368715,1536.9921544715446,25.646575342465752,661.9,False
Maharashtra,maize,1996,204000.0,22,1513.2344019607842,1492.1802346368715,26.037704918032784,656.1,False
Maharashtra,maize,1997,211700.0,21,1494.0961313179027,1513.2344019607842,25.70931506849315,602.2,False
Maharashtra,maize,1998,270000.0,22,1870.3724333333332,1494.0961313179027,26.174794520547945,625.3,False
Maharashtra,maize,1999,281500.0,23,1537.65648312611,1870.3724333333332,25.60767123287671,714.9,False
Maharashtra,maize,2000,328900.0,23,920.950291882031,1537.65648312611,25.566666666666663,868.5,False
Maharashtra,maize,2001,326100.0,24,1799.7551671266483,920.950291882031,25.88054794520548,618.3,False
Maharashtra,maize,2002,371200.0,23,2002.4231438577585,1799.7551671266483,25.917534246575343,768.7,False
Maharashtra,maize,2003,369700.0,23,2034.3537219367054,2002.4231438577585,26.15205479452055,607.6,False
Maharashtra,maize,2004,431600.0,23,1755.930048656163,2034.3537219367054,25.92021857923497,756.0,False
Maharashtra,maize,2005,469500.0,24,2106.136014909478,1755.930048656163,25.864109589041096,634.2,False
Maharashtra,maize,2006,580200.0,25,1982.1450672182007,2106.136014909478,25.996164383561645,851.7,False
Maharashtra,maize,2007,671500.0,25,2665.2858793745345,1982.1450672182007,26.148219178082197,701.4,False
Maharashtra,maize,2008,645500.0,25,2392.48652672347,2665.2858793745345,25.911202185792348,856.3,False
Maharashtra,maize,2009,794540.0,23,2301.2437750144736,2392.48652672347,26.486849315068493,1082.8,False
Maharashtra,maize,2010,890450.0,23,2922.600713347184,2301.2437750144736,26.37178082191781,992.5,False
Maharashtra,maize,2011,877300.0,25,2800.7408047418216,2922.600713347184,25.758082191780822,600.2,False
Maharashtra,maize,2012,821910.0,21,2221.690319499702,2800.7408047418216,26.22377049180328,510.9,True
Maharashtra,maize,2013,946500.0,22,3300.3694727945062,2221.690319499702,25.77780821917808,1164.9,False
Maharashtra,maize,2014,1076200.0,23,2046.365976584278,3300.3694727945062,25.955890410958904,707.2,False
Maharashtra,maize,2015,1066890.0,24,1555.8025349379973,2046.365976584278,26.59095890410959,690.7,False
Maharashtra,maize,2016,1053430.0,25,3159.8736104914424,1555.8025349379973,26.41229508196721,783.6,False
Maharashtra,maize,2017,1063530.0,22,2938.709967842938,3159.8736104914424,25.747945205479454,894.5,False
Maharashtra,rice,1967,1341000.0,26,1054.4378970917226,791.4800373692078,26.752328767123288,817.2,False
Maharashtra,rice,1968,1328100.0,26,993.1491009713124,1054.4378970917226,25.84153005464481,700.9,False
Maharashtra,rice,1969,1324400.0,26,1032.3915282392027,993.1491009713124,27.051506849315068,479.5,True
Maharashtra,rice,1970,1352400.0,26,1229.0733399881692,1032.3915282392027,25.873698630136985,988.2,False
Maharashtra,rice,1971,1339700.0,26,1041.5759505859521,1229.0733399881692,26.27671232876712,498.4,True
Maharashtra,rice,1972,1331800.0,26,574.6366075987386,1041.5759505859521,27.420491803278686,342.4,True
Maharashtra,rice,1973,1351100.0,26,1211.6034068536749,574.6366075987386,26.48109589041096,774.9,False
Maharashtra,rice,1974,1357200.0,26,1078.7656255526083,1211.6034068536749,26.266027397260277,587.1999999999999,True
Maharashtra,rice,1975,1414000.0,26,1614.8520862800565,1078.7656255526083,25.828767123287676,754.2,False
Maharashtra,rice,1976,1462800.0,26,1355.6876668033908,1614.8520862800565,26.536612021857923,665.0,False
Maharashtra,rice,1977,1480400.0,26,1589.8389178600378,1355.6876668033908,26.592602739726026,672.4,False
Maharashtra,rice,1978,1495800.0,26,1478.8732845300174,1589.8389178600378,26.03972602739726,565.2,True
Maharashtra,rice,1979,1485300.0,26,1231.06533225611,1478.8732845300174,26.81945205479452,676.7,False
Maharashtra,rice,1980,1503800.0,26,1563.7717648623486,1231.06533225611,26.79207650273224,627.9,False
Maharashtra,rice,1981,1445200.0,26,1685.1636880708552,1563.7717648623486,26.02219178082192,575.4,True
Maharashtra,rice,1982,1486300.0,26,1311.1753690372066,1685.1636880708552,26.62876712328767,460.6,True
Maharashtra,rice,1983,1521300.0,26,1616.973372773286,1311.1753690372066,26.03068493150685,823.4,False
Maharashtra,rice,1984,1519700.0,26,1274.0658018029874,1616.973372773286,26.80191256830601,380.0,True
Maharashtra,rice,1985,1540600.0,25,1416.2020738673243,1274.0658018029874,27.216164383561644,305.4,True
Maharashtra,rice,1986,1527100.0,25,1146.2257861305743,1416.2020738673243,26.938082191780826,663.2,False
Maharashtra,rice,1987,1371000.0,25,1250.1820058351568,1146.2257861305743,26.622739726027397,497.2,True
Maharashtra,rice,1988,1546100.0,26,1715.3483280512257,1250.1820058351568,26.327049180327872,804.6,False
Maharashtra,rice,1989,1514400.0,25,1531.2332118330692,1715.3483280512257,25.707123287671237,1012.3,False
Maharashtra,rice,1990,1597300.0,26,1467.225672071621,1531.2332118330692,25.37726027397261,982.0,False
Maharashtra,rice,1991,1574300.0,26,1341.358142666582,1467.225672071621,26.09232876712329,655.8,False
Maharashtra,rice,1992,1542500.0,25,1532.4488946515396,1341.358142666582,25.73743169398907,822.4,False
Maharashtra,rice,1993,1550400.0,25,1602.4242008513932,1532.4488946515396,25.42849315068493,895.3,False
Maharashtra,rice,1994,1538100.0,25,1558.4807736818152,1602.4242008513932,25.425205479452057,706.2,False
Maharashtra,rice,1995,1517100.0,25,1689.275710895788,1558.4807736818152,25.646575342465752,661.9,False
Maharashtra,rice,1996,1477500.0,25,1769.4787140439933,1689.275710895788,26.037704918032784,656.1,False
Maharashtra,rice,1997,1499500.0,25,1611.4693371123708,1769.4787140439933,25.70931506849315,602.2,False
Maharashtra,rice,1998,1482600.0,25,1669.7703979495482,1611.4693371123708,26.174794520547945,625.3,False
Maharashtra,rice,1999,1520200.0,25,1683.2187666096565,1669.7703979495482,25.60767123287671,714.9,False
Maharashtra,rice,2000,1511500.0,25,1276.6794899106847,1683.2187666096565,25.566666666666663,868.5,False
Maharashtra,rice,2001,1514000.0,25,1751.1244464993395,1276.6794899106847,25.88054794520548,618.3,False
Maharashtra,rice,2002,1523300.0,25,1217.1598582025865,1751.1244464993395,25.917534246575343,768.7,False
Maharashtra,rice,2003,1529900.0,24,1852.474127720766,1217.1598582025865,26.15205479452055,607.6,False
Maharashtra,rice,2004,1508700.0,24,1423.2119692450453,1852.474127720766,25.92021857923497,756.0,False
Maharashtra,rice,2005,1512500.0,24,1764.6277957024793,1423.2119692450453,25.864109589041096,634.2,False
Maharashtra,rice,2006,1529300.0,24,1680.3110632315438,1764.6277957024793,25.996164383561645,851.7,False
Maharashtra,rice,2007,1574600.0,23,1902.9026133621237,1680.3110632315438,26.148219178082197,701.4,False
Maharashtra,rice,2008,1521500.0,21,1503.45144002629,1902.9026133621237,25.911202185792348,856.3,False
Maharashtra,rice,2009,1470600.0,22,1486.1362756697947,1503.45144002629,26.486849315068493,1082.8,False
Maharashtra,rice,2010,1518110.0,20,1776.2290084381236,1486.1362756697947,26.37178082191781,992.5,False
Maharashtra,rice,2011,1544200.0,22,1844.7436543193887,1776.2290084381236,25.758082191780822,600.2,False
Maharashtra,rice,2012,1559000.0,20,1974.2457427838358,1844.7436543193887,26.22377049180328,510.9,True
Maharashtra,rice,2013,1604800.0,19,1936.8697731804587,1974.2457427838358,25.77780821917808,1164.9,False
Maharashtra,rice,2014,1550900.0,18,1899.9267605906248,1936.8697731804587,25.955890410958904,707.2,False
Maharashtra,rice,2015,1502300.0,16,1726.087398655395,1899.9267605906248,26.59095890410959,690.7,False
Maharashtra,rice,2016,1535370.0,21,2332.2863031060915,1726.087398655395,26.41229508196721,783.6,False
Maharashtra,rice,2017,1450950.0,18,1882.099839553396,2332.2863031060915,25.747945205479454,894.5,False
Orissa,chickpea,1967,19900.0,13,579.9011256281407,549.951027857829,26.046849315068496,1529.4,False
Orissa,chickpea,1968,15190.0,13,1030.9427254772877,579.9011256281407,25.823497267759564,1623.3,False
Orissa,chickpea,1969,20470.0,13,562.7744259892526,1030.9427254772877,26.27917808219178,1108.0,True
Orissa,chickpea,1970,21480.0,13,597.7652001862198,562.7744259892526,25.82712328767123,1658.8,False
Orissa,chickpea,1971,22040.0,13,607.0773003629764,597.7652001862198,25.09095890410959,1552.9,False
Orissa,chickpea,1972,20910.0,13,539.4540411286466,607.0773003629764,26.959016393442624,1316.3,False
Orissa,chickpea,1973,27870.0,13,505.5610548977395,539.4540411286466,26.48246575342466,1538.2,False
Orissa,chickpea,1974,27130.0,13,542.5720899373388,505.5610548977395,26.56821917808219,788.6,True
Orissa,chickpea,1975,30680.0,13,486.63499348109514,542.5720899373388,25.996438356164386,1207.0,False
Orissa,chickpea,1976,28340.0,13,432.6022018348624,486.63499348109514,26.4672131147541,1167.5,False
Orissa,chickpea,1977,33270.0,13,498.9492064923354,432.6022018348624,26.389041095890413,1161.3,True
Orissa,chickpea,1978,44630.0,13,524.0867533049518,498.9492064923354,26.28109589041096,1130.6,True
Orissa,chickpea,1979,40810.0,13,416.5649840725312,524.0867533049518,27.199178082191782,831.0,True
Orissa,chickpea,1980,50040.0,13,524.3787070343725,416.5649840725312,26.556010928961747,1266.0,False
Orissa,chickpea,1981,42810.0,13,655.2191497313712,524.3787070343725,25.856712328767124,1364.7,False
Orissa,chickpea,1982,36810.0,13,682.152276555284,655.2191497313712,26.456712328767125,1148.0,True
Orissa,chickpea,1983,48840.0,13,581.6932800982801,682.152276555284,26.293972602739725,1262.8,False
Orissa,chickpea,1984,46940.0,13,547.9348061354922,581.6932800982801,26.330601092896174,1525.1,False
Orissa,chickpea,1985,41960.0,13,550.7633555767397,547.9348061354922,26.273150684931508,1295.5,False
Orissa,chickpea,1986,41920.0,13,689.8849880725191,550.7633555767397,26.186027397260272,1552.1,False
Orissa,chickpea,1987,46490.0,13,562.0551925145193,689.8849880725191,26.484657534246573,1363.2,False
Orissa,chickpea,1988,42090.0,12,609.172368733666,562.0551925145193,26.405191256830598,1137.4,True
Orissa,chickpea,1989,44680.0,13,645.4781333930171,609.172368733666,26.34246575342466,1417.6,False
Orissa,chickpea,1990,45820.0,13,711.9177280663466,645.4781333930171,25.49150684931507,2040.7,False
Orissa,chickpea,1991,35440.0,11,646.1633944695259,711.9177280663466,26.278082191780822,1368.2,False
Orissa,chickpea,1992,33280.0,12,559.1955919471154,646.1633944695259,26.23224043715847,947.3,True
Orissa,chickpea,1993,31610.0,13,577.6656406200569,559.1955919471154,26.324657534246576,1455.4,False
Orissa,chickpea,1994,34830.0,13,571.34721791559,577.6656406200569,26.123013698630135,2174.1,False
Orissa,chickpea,1995,38210.0,13,667.8888903428422,571.34721791559,25.929315068493153,1443.9,False
Orissa,chickpea,1996,29110.0,13,636.8945448299553,667.8888903428422,26.631147540983605,1006.2,True
Orissa,chickpea,1997,32580.0,11,545.1191006752609,636.8945448299553,26.241917808219178,1462.7,False
Orissa,chickpea,1998,31570.0,13,493.50566360468804,545.1191006752609,26.268767123287674,1361.5,False
Orissa,chickpea,1999,33610.0,13,604.2832073787564,493.50566360468804,26.27972602739726,1251.0,False
Orissa,chickpea,2000,20630.0,13,618.5162724188075,604.2832073787564,26.196174863387977,1024.9,True
Orissa,chickpea,2001,29520.0,12,649.7278929539295,618.5162724188075,26.17150684931507,1601.4,False
Orissa,chickpea,2002,21040.0,13,618.8204752851711,649.7278929539295,26.723561643835616,1436.7,False
Orissa,chickpea,2003,28570.0,13,618.4809870493525,618.8204752851711,26.254246575342464,1597.9,False
Orissa,chickpea,2004,32810.0,13,608.6551569643401,618.4809870493525,26.268306010928963,1105.4,True
Orissa,chickpea,2005,35300.0,13,645.3252861189802,608.6551569643401,26.581369863013702,1423.0,False
Orissa,chickpea,2006,36840.0,13,650.9223941368078,645.3252861189802,26.385205479452054,1364.4,False
Orissa,chickpea,2007,38980.0,13,659.0537660338636,650.9223941368078,26.541095890410958,1430.6,False
Orissa,chickpea,2008,37580.0,13,663.1170196913251,659.0537660338636,26.359016393442623,1575.3,False
Orissa,chickpea,2009,45000.0,13,748.4458266666668,663.1170196913251,27.44876712328767,1291.1,False
Orissa,chickpea,2010,41910.0,13,779.5279121927941,748.4458266666668,27.0827397260274,1219.0,False
Orissa,chickpea,2011,38950.0,13,764.56913478819,779.5279121927941,26.022739726027396,1897.1,False
Orissa,chickpea,2012,41230.0,13,773.9522216832403,764.56913478819,26.477595628415298,1555.6,False
Orissa,chickpea,2013,47150.0,13,767.9733849416756,773.9522216832403,26.162739726027397,1511.5,False
Orissa,chickpea,2014,47250.0,13,769.9470243386243,767.9733849416756,26.546849315068496,1422.4,False
Orissa,chickpea,2015,39180.0,13,769.0142240939255,769.9470243386243,26.76684931506849,1280.6,False
Orissa,chickpea,2016,40320.0,13,768.1050148809524,769.0142240939255,26.736065573770492,1319.9,False
Orissa,chickpea,2017,32940.0,13,778.079283545841,768.1050148809524,26.69068493150685,1559.2,False
Orissa,maize,1967,66120.0,13,831.5208802177858,829.8722129909365,26.046849315068496,1529.4,False
Orissa,maize,1968,67850.0,13,821.2225246868092,831.5208802177858,25.823497267759564,1623.3,False
Orissa,maize,1969,70190.0,13,848.9802678444223,821.2225246868092,26.27917808219178,1108.0,True
Orissa,maize,1970,72010.0,13,820.3024107762811,848.9802678444223,25.82712328767123,1658.8,False
Orissa,maize,1971,83710.0,13,690.9565356588222,820.3024107762811,25.09095890410959,1552.9,False
Orissa,maize,1972,66500.0,13,825.7146210526315,690.9565356588222,26.959016393442624,1316.3,False
Orissa,maize,1973,118620.0,13,580.003047546788,825.7146210526315,26.48246575342466,1538.2,False
Orissa,maize,1974,96870.0,13,767.2123268297718,580.003047546788,26.56821917808219,788.6,True
Orissa,maize,1975,118620.0,13,984.8253759905581,767.2123268297718,25.996438356164386,1207.0,False
Orissa,maize,1976,124240.0,13,830.0855907920154,984.8253759905581,26.4672131147541,1167.5,False
Orissa,maize,1977,129650.0,13,880.0614793675279,830.0855907920154,26.389041095890413,1161.3,True
Orissa,maize,1978,130890.0,13,925.1295255558102,880.0614793675279,26.28109589041096,1130.6,True
Orissa,maize,1979,134500.0,13,601.3373888475836,925.1295255558102,27.199178082191782,831.0,True
Orissa,maize,1980,178880.0,13,974.2276459078713,601.3373888475836,26.556010928961747,1266.0,False
Orissa,maize,1981,152570.0,13,1123.4859500557122,974.2276459078713,25.856712328767124,1364.7,False
Orissa,maize,1982,165830.0,13,1070.7366658626304,1123.4859500557122,26.456712328767125,1148.0,True
Orissa,maize,1983,166620.0,13,1223.6803985115832,1070.7366658626304,26.293972602739725,1262.8,False
Orissa,maize,1984,130060.0,13,1124.7885568199292,1223.6803985115832,26.330601092896174,1525.1,False
Orissa,maize,1985,163730.0,13,1054.1132449764857,1124.7885568199292,26.273150684931508,1295.5,False
Orissa,maize,1986,163280.0,13,1064.7342889514944,1054.1132449764857,26.186027397260272,1552.1,False
Orissa,maize,1987,163250.0,13,1034.5464808575805,1064.7342889514944,26.484657534246573,1363.2,False
Orissa,maize,1988,165330.0,13,1195.9718460049596,1034.5464808575805,26.405191256830598,1137.4,True
Orissa,maize,1989,168030.0,13,1165.922620365411,1195.9718460049596,26.34246575342466,1417.6,False
Orissa,maize,1990,167310.0,13,1238.3591871376486,1165.922620365411,25.49150684931507,2040.7,False
Orissa,maize,1991,177760.0,13,928.3837775652564,1238.3591871376486,26.278082191780822,1368.2,False
Orissa,maize,1992,169680.0,13,1046.7931771570015,928.3837775652564,26.23224043715847,947.3,True
Orissa,maize,1993,176110.0,13,1100.389399239112,1046.7931771570015,26.324657534246576,1455.4,False
Orissa,maize,1994,174430.0,13,1209.4816791836267,1100.389399239112,26.123013698630135,2174.1,False
Orissa,maize,1995,153420.0,13,1340.1106250814757,1209.4816791836267,25.929315068493153,1443.9,False
Orissa,maize,1996,165600.0,13,1142.2706745169082,1340.1106250814757,26.631147540983605,1006.2,True
Orissa,maize,1997,169290.0,13,1275.146884635832,1142.2706745169082,26.241917808219178,1462.7,False
Orissa,maize,1998,164310.0,13,1116.546930192928,1275.146884635832,26.268767123287674,1361.5,False
Orissa,maize,1999,173600.0,13,1247.9837142857143,1116.546930192928,26.27972602739726,1251.0,False
Orissa,maize,2000,176050.0,13,1235.158995171826,1247.9837142857143,26.196174863387977,1024.9,True
Orissa,maize,2001,164430.0,13,1127.6532153499968,1235.158995171826,26.17150684931507,1601.4,False
Orissa,maize,2002,158030.0,13,1122.8868316142505,1127.6532153499968,26.723561643835616,1436.7,False
Orissa,maize,2003,175270.0,13,1115.9346511097165,1122.8868316142505,26.254246575342464,1597.9,False
Orissa,maize,2004,184770.0,13,1321.697162959355,1115.9346511097165,26.268306010928963,1105.4,True
Orissa,maize,2005,187390.0,13,1495.651756763968,1321.697162959355,26.581369863013702,1423.0,False
Orissa,maize,2006,199450.0,13,1601.8055006267234,1495.651756763968,26.385205479452054,1364.4,False
Orissa,maize,2007,214550.0,13,2244.51272477278,1601.8055006267234,26.541095890410958,1430.6,False
Orissa,maize,2008,224230.0,13,2291.262088034607,2244.51272477278,26.359016393442623,1575.3,False
Orissa,maize,2009,227890.0,13,2191.189538373777,2291.262088034607,27.44876712328767,1291.1,False
Orissa,maize,2010,252650.0,13,2569.563471601029,2191.189538373777,27.0827397260274,1219.0,False
Orissa,maize,2011,262050.0,13,2320.549478725434,2569.563471601029,26.022739726027396,1897.1,False
Orissa,maize,2012,280670.0,13,2407.311226707521,2320.549478725434,26.477595628415298,1555.6,False
Orissa,maize,2013,279610.0,13,2784.8067458245414,2407.311226707521,26.162739726027397,1511.5,False
Orissa,maize,2014,269400.0,13,2788.344047141796,2784.8067458245414,26.546849315068496,1422.4,False
Orissa,maize,2015,239180.0,13,2786.1881470022577,2788.344047141796,26.76684931506849,1280.6,False
Orissa,maize,2016,252240.0,13,2955.5968149381542,2786.1881470022577,26.736065573770492,1319.9,False
Orissa,maize,2017,247610.0,13,2948.021125964218,2955.5968149381542,26.69068493150685,1559.2,False
Orissa,rice,1967,4336510.0,13,866.0102667813518,868.0344080836106,26.046849315068496,1529.4,False
Orissa,rice,1968,4221590.0,13,936.0360463948418,866.0102667813518,25.823497267759564,1623.3,False
Orissa,rice,1969,4360710.0,13,905.607184311729,936.0360463948418,26.27917808219178,1108.0,True
Orissa,rice,1970,4341710.0,13,882.4864096174088,905.607184311729,25.82712328767123,1658.8,False
Orissa,rice,1971,4485090.0,13,752.2849240483469,882.4864096174088,25.09095890410959,1552.9,False
Orissa,rice,1972,4475840.0,13,889.9157755862586,752.2849240483469,26.959016393442624,1316.3,False
Orissa,rice,1973,4733510.0,13,930.464616722052,889.9157755862586,26.48246575342466,1538.2,False
Orissa,rice,1974,4432010.0,13,714.3391291084632,930.464616722052,26.56821917808219,788.6,True
Orissa,rice,1975,4684100.0,13,967.4782321683995,714.3391291084632,25.996438356164386,1207.0,False
Orissa,rice,1976,4379530.0,13,734.7181827502038,967.4782321683995,26.4672131147541,1167.5,False
Orissa,rice,1977,4404600.0,13,980.616711982927,734.7181827502038,26.389041095890413,1161.3,True
Orissa,rice,1978,4353980.0,13,1011.0000973362304,980.616711982927,26.28109589041096,1130.6,True
Orissa,rice,1979,4116560.0,13,719.7121813601649,1011.0000973362304,27.199178082191782,831.0,True
Orissa,rice,1980,4190710.0,13,1026.2747041909367,719.7121813601649,26.556010928961747,1266.0,False
Orissa,rice,1981,4159710.0,13,926.261604438771,1026.2747041909367,25.856712328767124,1364.7,False
Orissa,rice,1982,3558350.0,13,840.6957976309244,926.261604438771,26.456712328767125,1148.0,True
Orissa,rice,1983,4355770.0,13,1175.58352757377,840.6957976309244,26.293972602739725,1262.8,False
Orissa,rice,1984,4303700.0,13,969.4410287659456,1175.58352757377,26.330601092896174,1525.1,False
Orissa,rice,1985,4399210.0,13,1174.3773522518813,969.4410287659456,26.273150684931508,1295.5,False
Orissa,rice,1986,4393600.0,13,1100.3225449289876,1174.3773522518813,26.186027397260272,1552.1,False
Orissa,rice,1987,4053300.0,13,856.4301217773174,1100.3225449289876,26.484657534246573,1363.2,False
Orissa,rice,1988,4281960.0,13,1236.935891204028,856.4301217773174,26.405191256830598,1137.4,True
Orissa,rice,1989,4391460.0,13,1430.9606651546412,1236.935891204028,26.34246575342466,1417.6,False
Orissa,rice,1990,4403650.0,13,1197.9378538712203,1430.9606651546412,25.49150684931507,2040.7,False
Orissa,rice,1991,4547920.0,13,1464.3363815326568,1197.9378538712203,26.278082191780822,1368.2,False
Orissa,rice,1992,4443350.0,13,1212.5322178986576,1464.3363815326568,26.23224043715847,947.3,True
Orissa,rice,1993,4555560.0,13,1452.4909459210285,1212.5322178986576,26.324657534246576,1455.4,False
Orissa,rice,1994,4455650.0,13,1425.8674533233086,1452.4909459210285,26.123013698630135,2174.1,False
Orissa,rice,1995,4528990.0,13,1374.7424733549863,1425.8674533233086,25.929315068493153,1443.9,False
Orissa,rice,1996,4467160.0,13,993.3783874094504,1374.7424733549863,26.631147540983605,1006.2,True
Orissa,rice,1997,4496770.0,13,1379.7858920958822,993.3783874094504,26.241917808219178,1462.7,False
Orissa,rice,1998,4447080.0,13,1212.13863424989,1379.7858920958822,26.268767123287674,1361.5,False
Orissa,rice,1999,4601810.0,13,1127.1744040931721,1212.13863424989,26.27972602739726,1251.0,False
Orissa,rice,2000,4433520.0,13,1040.5688649425288,1127.1744040931721,26.196174863387977,1024.9,True
Orissa,rice,2001,4499780.0,13,1588.7390869331389,1040.5688649425288,26.17150684931507,1601.4,False
Orissa,rice,2002,4273550.0,13,758.99372243217,1588.7390869331389,26.723561643835616,1436.7,False
Orissa,rice,2003,4501110.0,13,1496.0177286491555,758.99372243217,26.254246575342464,1597.9,False
Orissa,rice,2004,4491930.0,13,1455.3851930684584,1496.0177286491555,26.268306010928963,1105.4,True
Orissa,rice,2005,4479260.0,13,1554.4906833718069,1455.3851930684584,26.581369863013702,1423.0,False
Orissa,rice,2006,4450320.0,13,1556.7668627873952,1554.4906833718069,26.385205479452054,1364.4,False
Orissa,rice,2007,4451760.0,13,1719.5039354772045,1556.7668627873952,26.541095890410958,1430.6,False
Orissa,rice,2008,4454610.0,13,1552.5402894305,1719.5039354772045,26.359016393442623,1575.3,False
Orissa,rice,2009,4365080.0,13,1608.7357533424358,1552.5402894305,27.44876712328767,1291.1,False
Orissa,rice,2010,4225690.0,13,1640.2441774952729,1608.7357533424358,27.0827397260274,1219.0,False
Orissa,rice,2011,4004540.0,13,1472.0797354252923,1640.2441774952729,26.022739726027396,1897.1,False
Orissa,rice,2012,4022830.0,13,2360.732218910568,1472.0797354252923,26.477595628415298,1555.6,False
Orissa,rice,2013,4180220.0,13,1821.296254718651,2360.732218910568,26.162739726027397,1511.5,False
Orissa,rice,2014,4166260.0,13,2362.9475436002554,1821.296254718651,26.546849315068496,1422.4,False
Orissa,rice,2015,3941510.0,13,1490.638550200304,2362.9475436002554,26.76684931506849,1280.6,False
Orissa,rice,2016,3962780.0,13,2471.577324832567,1490.638550200304,26.736065573770492,1319.9,False
Orissa,rice,2017,3766390.0,13,1739.4298213939608,2471.577324832567,26.69068493150685,1559.2,False
Punjab,chickpea,1967,572700.0,11,806.7030539549503,801.4190063091482,23.396164383561644,963.3,False
Punjab,chickpea,1968,348400.0,11,644.3735476463835,806.7030539549503,23.23879781420765,748.2,False
Punjab,chickpea,1969,379400.0,11,1006.062754348972,644.3735476463835,23.424657534246574,681.7,False
Punjab,chickpea,1970,358000.0,10,784.9168351955308,1006.062754348972,23.5613698630137,873.4,False
Punjab,chickpea,1971,335300.0,10,864.8976528481957,784.9168351955308,23.105753424657536,850.9,False
Punjab,chickpea,1972,318200.0,10,842.2365744814582,864.8976528481957,23.44289617486339,837.9,False
Punjab,chickpea,1973,352100.0,11,871.910942913945,842.2365744814582,23.246301369863012,1093.6,False
Punjab,chickpea,1974,265300.0,11,814.1723218997362,871.910942913945,23.49232876712329,535.9,True
Punjab,chickpea,1975,380500.0,11,985.5475243101183,814.1723218997362,22.513150684931507,1026.7,False
Punjab,chickpea,1976,352600.0,11,882.0170079410096,985.5475243101183,22.78087431693989,872.2,False
Punjab,chickpea,1977,353000.0,11,900.8477733711048,882.0170079410096,23.15945205479452,914.8000000000001,False
Punjab,chickpea,1978,350800.0,11,795.3263740022805,900.8477733711048,22.854520547945203,902.2,False
Punjab,chickpea,1979,201000.0,11,686.5657213930348,795.3263740022805,23.22849315068493,796.2,False
Punjab,chickpea,1980,255000.0,9,588.2368117647059,686.5657213930348,23.592076502732244,875.1,False
Punjab,chickpea,1981,238000.0,8,483.19261344537813,588.2368117647059,23.14958904109589,868.3,False
Punjab,chickpea,1982,120000.0,4,516.6671583333333,483.19261344537813,22.46794520547945,884.6,False
Punjab,chickpea,1983,96000.0,6,593.7476458333333,516.6671583333333,22.06109589041096,1156.5,False
Punjab,chickpea,1984,104000.0,7,586.5372307692307,593.7476458333333,22.897814207650274,887.7,False
Punjab,chickpea,1985,108000.0,8,907.4038333333333,586.5372307692307,23.825753424657535,782.8000000000001,False
Punjab,chickpea,1986,114000.0,8,719.2996315789474,907.4038333333333,22.584657534246574,831.6,False
Punjab,chickpea,1987,67100.0,9,435.1685692995529,719.2996315789474,23.82191780821918,624.2,True
Punjab,chickpea,1988,70600.0,10,988.6706373937677,435.1685692995529,23.586885245901637,1655.2,False
Punjab,chickpea,1989,54400.0,10,711.4002205882352,988.6706373937677,23.1413698630137,532.3,True
Punjab,chickpea,1990,59900.0,10,746.246834724541,711.4002205882352,23.036438356164382,1005.1,False
Punjab,chickpea,1991,39500.0,10,708.8613518987341,746.246834724541,22.833698630136983,791.2,False
Punjab,chickpea,1992,26890.0,8,650.8960022313128,708.8613518987341,22.772404371584702,733.9,False
Punjab,chickpea,1993,25800.0,10,860.4702713178294,650.8960022313128,23.467671232876715,703.5,False
Punjab,chickpea,1994,19400.0,10,989.6953917525774,860.4702713178294,22.96794520547945,1042.1,False
Punjab,chickpea,1995,19010.0,10,900.0400946870068,989.6953917525774,22.675342465753424,1080.6,False
Punjab,chickpea,1996,16600.0,9,921.6684819277109,900.0400946870068,22.57103825136612,1030.4,False
Punjab,chickpea,1997,11000.0,5,845.4526181818183,921.6684819277109,21.932328767123288,1119.9,False
Punjab,chickpea,1998,13200.0,8,795.4546515151516,845.4526181818183,22.978630136986304,983.9,False
Punjab,chickpea,1999,6200.0,8,1000.0007419354838,795.4546515151516,23.877808219178082,609.5,True
Punjab,chickpea,2000,7700.0,11,987.1075584415586,1000.0007419354838,23.594535519125685,604.9,True
Punjab,chickpea,2001,7110.0,11,873.5238396624472,987.1075584415586,23.24301369863014,847.8,False
Punjab,chickpea,2002,6810.0,10,970.6017033773862,873.5238396624472,24.136164383561646,488.2,True
Punjab,chickpea,2003,6000.0,9,900.0814,970.6017033773862,23.04904109589041,874.4,False
Punjab,chickpea,2004,4900.0,10,877.4100816326531,900.0814,23.822131147540983,586.8,True
Punjab,chickpea,2005,4000.0,9,925.000925,877.4100816326531,22.865479452054792,750.2,False
Punjab,chickpea,2006,3800.0,7,1000.0011842105263,925.000925,24.004657534246576,701.6,False
Punjab,chickpea,2007,2700.0,7,1037.1333333333334,1000.0011842105263,23.85890410958904,749.7,False
Punjab,chickpea,2008,3000.0,7,1166.8213333333333,1037.1333333333334,23.483879781420764,788.2,False
Punjab,chickpea,2009,30000.0,7,1133.3321866666665,1166.8213333333333,24.286575342465753,583.2,True
Punjab,chickpea,2010,2700.0,8,1296.312962962963,1133.3321866666665,24.21095890410959,654.6,True
Punjab,chickpea,2011,1800.0,6,1222.2836666666665,1296.312962962963,23.32849315068493,784.0,False
Punjab,chickpea,2012,2400.0,7,1292.0091666666667,1222.2836666666665,23.116120218579233,567.8,True
Punjab,chickpea,2013,1900.0,4,1247.4705263157896,1292.0091666666667,23.124931506849315,790.0,False
Punjab,chickpea,2014,1800.0,5,1083.2677777777778,1247.4705263157896,22.983835616438355,687.3,False
Punjab,chickpea,2015,1700.0,6,1281.7147647058823,1083.2677777777778,22.766575342465753,1017.0,False
Punjab,chickpea,2016,1600.0,5,1375.7706875000001,1281.7147647058823,24.44289617486339,531.5,True
Punjab,chickpea,2017,1700.0,6,1177.3123529411764,1375.7706875000001,23.173698630136986,713.1,False
Punjab,maize,1967,476000.0,11,1626.0504201680671,1382.882072072072,23.396164383561644,963.3,False
Punjab,maize,1968,489800.0,11,1440.7921314822377,1626.0504201680671,23.23879781420765,748.2,False
Punjab,maize,1969,533600.0,11,1464.5811394302848,1440.7921314822377,23.424657534246574,681.7,False
Punjab,maize,1970,555600.0,11,1549.6758783297337,1464.5811394302848,23.5613698630137,873.4,False
Punjab,maize,1971,547100.0,11,1557.3043502101993,1549.6758783297337,23.105753424657536,850.9,False
Punjab,maize,1972,559900.0,11,1603.8557295945704,1557.3043502101993,23.44289617486339,837.9,False
Punjab,maize,1973,544800.0,11,1354.628830763583,1603.8557295945704,23.246301369863012,1093.6,False
Punjab,maize,1974,523800.0,11,1723.9401870943109,1354.628830763583,23.49232876712329,535.9,True
Punjab,maize,1975,578400.0,11,1443.638373098202,1723.9401870943109,22.513150684931507,1026.7,False
Punjab,maize,1976,539800.0,11,1165.245904038533,1443.638373098202,22.78087431693989,872.2,False
Punjab,maize,1977,445000.0,11,1525.8440606741574,1165.245904038533,23.15945205479452,914.8000000000001,False
Punjab,maize,1978,418300.0,11,1668.6566985417164,1525.8440606741574,22.854520547945203,902.2,False
Punjab,maize,1979,390000.0,11,1723.0791153846153,1668.6566985417164,23.22849315068493,796.2,False
Punjab,maize,1980,378000.0,11,1600.5284365079365,1723.0791153846153,23.592076502732244,875.1,False
Punjab,maize,1981,339000.0,11,1837.7588141592921,1600.5284365079365,23.14958904109589,868.3,False
Punjab,maize,1982,305000.0,11,1777.0490032786886,1837.7588141592921,22.46794520547945,884.6,False
Punjab,maize,1983,294000.0,11,1829.931462585034,1777.0490032786886,22.06109589041096,1156.5,False
Punjab,maize,1984,303000.0,11,1897.6907590759076,1829.931462585034,22.897814207650274,887.7,False
Punjab,maize,1985,260000.0,11,1584.6143846153846,1897.6907590759076,23.825753424657535,782.8000000000001,False
Punjab,maize,1986,260000.0,11,2023.0780846153846,1584.6143846153846,22.584657534246574,831.6,False
Punjab,maize,1987,234000.0,11,1564.1007264957266,2023.0780846153846,23.82191780821918,624.2,True
Punjab,maize,1988,248000.0,11,1177.417560483871,1564.1007264957266,23.586885245901637,1655.2,False
Punjab,maize,1989,210000.0,11,1899.9998952380952,1177.417560483871,23.1413698630137,532.3,True
Punjab,maize,1990,188000.0,11,1771.2768617021277,1899.9998952380952,23.036438356164382,1005.1,False
Punjab,maize,1991,178150.0,10,1964.6678417064272,1771.2768617021277,22.833698630136983,791.2,False
Punjab,maize,1992,189070.0,10,2295.424888136669,1964.6678417064272,22.772404371584702,733.9,False
Punjab,maize,1993,193000.0,11,1854.9201647668394,2295.424888136669,23.467671232876715,703.5,False
Punjab,maize,1994,173000.0,9,1861.2692069364164,1854.9201647668394,22.96794520547945,1042.1,False
Punjab,maize,1995,175000.0,9,1828.569494857143,1861.2692069364164,22.675342465753424,1080.6,False
Punjab,maize,1996,166000.0,10,2114.456073493976,1828.569494857143,22.57103825136612,1030.4,False
Punjab,maize,1997,165000.0,9,2084.850676363636,2114.456073493976,21.932328767123288,1119.9,False
Punjab,maize,1998,154000.0,9,2285.7135064935064,2084.850676363636,22.978630136986304,983.9,False
Punjab,maize,1999,163000.0,11,2619.6313239263804,2285.7135064935064,23.877808219178082,609.5,True
Punjab,maize,2000,164000.0,11,2786.583968902439,2619.6313239263804,23.594535519125685,604.9,True
Punjab,maize,2001,165000.0,11,2721.209342424243,2786.583968902439,23.24301369863014,847.8,False
Punjab,maize,2002,153000.0,11,2039.2164954248367,2721.209342424243,24.136164383561646,488.2,True
Punjab,maize,2003,154000.0,11,2980.522118831169,2039.2164954248367,23.04904109589041,874.4,False
Punjab,maize,2004,154000.0,9,2740.260074025974,2980.522118831169,23.822131147540983,586.8,True
Punjab,maize,2005,148000.0,9,2722.9710358108105,2740.260074025974,22.865479452054792,750.2,False
Punjab,maize,2006,154000.0,9,3123.3784506493503,2722.9710358108105,24.004657534246576,701.6,False
Punjab,maize,2007,153000.0,9,3405.229413071895,3123.3784506493503,23.85890410958904,749.7,False
Punjab,maize,2008,151000.0,9,3403.972962251655,3405.229413071895,23.483879781420764,788.2,False
Punjab,maize,2009,139000.0,9,3417.2687705035974,3403.972962251655,24.286575342465753,583.2,True
Punjab,maize,2010,133000.0,8,3691.7311654135337,3417.2687705035974,24.21095890410959,654.6,True
Punjab,maize,2011,117720.0,8,4094.4627217125376,3691.7311654135337,23.32849315068493,784.0,False
Punjab,maize,2012,131000.0,9,3687.0212175572515,4094.4627217125376,23.116120218579233,567.8,True
Punjab,maize,2013,130000.0,9,3900.0014361538465,3687.0212175572515,23.124931506849315,790.0,False
Punjab,maize,2014,126000.0,10,3650.7957492063492,3900.0014361538465,22.983835616438355,687.3,False
Punjab,maize,2015,115000.0,9,3686.959183478261,3650.7957492063492,22.766575342465753,1017.0,False
Punjab,maize,2016,116000.0,10,3836.2091387931036,3686.959183478261,24.44289617486339,531.5,True
Punjab,maize,2017,114000.0,9,3710.5265157894737,3836.2091387931036,23.173698630136986,713.1,False
Punjab,rice,1967,314900.0,11,1317.8798825023816,1185.9666807017543,23.396164383561644,963.3,False
Punjab,rice,1968,344200.0,11,1364.0337536316094,1317.8798825023816,23.23879781420765,748.2,False
Punjab,rice,1969,359100.0,11,1488.721461988304,1364.0337536316094,23.424657534246574,681.7,False
Punjab,rice,1970,388600.0,11,1762.739724652599,1488.721461988304,23.5613698630137,873.4,False
Punjab,rice,1971,450500.0,11,2039.9566259711432,1762.739724652599,23.105753424657536,850.9,False
Punjab,rice,1972,475500.0,11,2008.4123470031545,2039.9566259711432,23.44289617486339,837.9,False
Punjab,rice,1973,519600.0,11,2269.0522902232487,2008.4123470031545,23.246301369863012,1093.6,False
Punjab,rice,1974,569400.0,11,2070.597948717949,2269.0522902232487,23.49232876712329,535.9,True
Punjab,rice,1975,577600.0,11,2508.6553012465374,2070.597948717949,22.513150684931507,1026.7,False
Punjab,rice,1976,680300.0,11,2559.164389240041,2508.6553012465374,22.78087431693989,872.2,False
Punjab,rice,1977,857700.0,11,2811.005854028215,2559.164389240041,23.15945205479452,914.8000000000001,False
Punjab,rice,1978,1058200.0,11,2903.988312228312,2811.005854028215,22.854520547945203,902.2,False
Punjab,rice,1979,1167000.0,11,2605.8271653813194,2903.988312228312,23.22849315068493,796.2,False
Punjab,rice,1980,1178000.0,11,2735.994033106961,2605.8271653813194,23.592076502732244,875.1,False
Punjab,rice,1981,1270000.0,11,2956.693135433071,2735.994033106961,23.14958904109589,868.3,False
Punjab,rice,1982,1319000.0,11,3144.049052312358,2956.693135433071,22.46794520547945,884.6,False
Punjab,rice,1983,1481000.0,11,3062.795215395003,3144.049052312358,22.06109589041096,1156.5,False
Punjab,rice,1984,1645000.0,11,3074.163448024316,3062.795215395003,22.897814207650274,887.7,False
Punjab,rice,1985,1703000.0,11,3199.059688784498,3074.163448024316,23.825753424657535,782.8000000000001,False
Punjab,rice,1986,1809000.0,11,3328.911955223881,3199.059688784498,22.584657534246574,831.6,False
Punjab,rice,1987,1717000.0,11,3163.0742731508444,3328.911955223881,23.82191780821918,624.2,True
Punjab,rice,1988,1783000.0,11,2771.7319012899607,3163.0742731508444,23.586885245901637,1655.2,False
Punjab,rice,1989,1908000.0,11,3509.958773584906,2771.7319012899607,23.1413698630137,532.3,True
Punjab,rice,1990,2016000.0,11,3229.6625541666667,3509.958773584906,23.036438356164382,1005.1,False
Punjab,rice,1991,2071000.0,11,3258.3295169483345,3229.6625541666667,22.833698630136983,791.2,False
Punjab,rice,1992,2073000.0,11,3391.70332368548,3258.3295169483345,22.772404371584702,733.9,False
Punjab,rice,1993,2179000.0,11,3508.4908302891236,3391.70332368548,23.467671232876715,703.5,False
Punjab,rice,1994,2276000.0,11,3384.0067737258346,3508.4908302891236,22.96794520547945,1042.1,False
Punjab,rice,1995,2188000.0,11,3128.4266493601463,3384.0067737258346,22.675342465753424,1080.6,False
Punjab,rice,1996,2159000.0,11,3396.9425410375175,3128.4266493601463,22.57103825136612,1030.4,False
Punjab,rice,1997,2278000.0,11,3463.5646127304653,3396.9425410375175,21.932328767123288,1119.9,False
Punjab,rice,1998,2518000.0,11,3174.3471553613977,3463.5646127304653,22.978630136986304,983.9,False
Punjab,rice,1999,2604000.0,11,3347.158832718894,3174.3471553613977,23.877808219178082,609.5,True
Punjab,rice,2000,2612000.0,11,3505.7432679173044,3347.158832718894,23.594535519125685,604.9,True
Punjab,rice,2001,2489000.0,11,3545.196724829249,3505.7432679173044,23.24301369863014,847.8,False
Punjab,rice,2002,2530000.0,11,3509.8826647035576,3545.196724829249,24.136164383561646,488.2,True
Punjab,rice,2003,2614000.0,11,3693.955037260903,3509.8826647035576,23.04904109589041,874.4,False
Punjab,rice,2004,2647000.0,11,3942.9557298073287,3693.955037260903,23.822131147540983,586.8,True
Punjab,rice,2005,2642000.0,11,3858.0622368281606,3942.9557298073287,22.865479452054792,750.2,False
Punjab,rice,2006,2621000.0,11,3867.9884684090043,3858.0622368281606,24.004657534246576,701.6,False
Punjab,rice,2007,2610000.0,11,4018.7724776245213,3867.9884684090043,23.85890410958904,749.7,False
Punjab,rice,2008,2735000.0,11,4021.9377202925048,4018.7724776245213,23.483879781420764,788.2,False
Punjab,rice,2009,2802000.0,11,4009.9924533904355,4021.9377202925048,24.286575342465753,583.2,True
Punjab,rice,2010,2826000.0,11,3828.381101556971,4009.9924533904355,24.21095890410959,654.6,True
Punjab,rice,2011,2791390.0,11,3776.6125140163144,3828.381101556971,23.32849315068493,784.0,False
Punjab,rice,2012,2849000.0,11,3997.8964823095826,3776.6125140163144,23.116120218579233,567.8,True
Punjab,rice,2013,2851000.0,11,3951.9467029814105,3997.8964823095826,23.124931506849315,790.0,False
Punjab,rice,2014,2894000.0,11,3837.9390559778853,3951.9467029814105,22.983835616438355,687.3,False
Punjab,rice,2015,2975000.0,11,3974.1183325378147,3837.9390559778853,22.766575342465753,1017.0,False
Punjab,rice,2016,3046000.0,11,4149.04813374918,3974.1183325378147,24.44289617486339,531.5,True
Punjab,rice,2017,3065000.0,11,4366.069171549755,4149.04813374918,23.173698630136986,713.1,False
Rajasthan,chickpea,1967,1323700.0,25,792.5522406889779,464.9121054046787,24.822739726027397,365.1,False
Rajasthan,chickpea,1968,997400.0,21,547.6230719871667,792.5522406889779,25.48879781420765,161.7,True
Rajasthan,chickpea,1969,1290100.0,21,605.0703255561584,547.6230719871667,26.273150684931508,205.0,True
Rajasthan,chickpea,1970,1617300.0,25,739.0086199220924,605.0703255561584,25.15013698630137,559.3,False
Rajasthan,chickpea,1971,1640200.0,21,539.8743263016705,739.0086199220924,24.85890410958904,421.1,False
Rajasthan,chickpea,1972,1204500.0,22,670.5705246990452,539.8743263016705,25.258196721311474,287.8,False
Rajasthan,chickpea,1973,1500000.0,24,476.66552666666666,670.5705246990452,24.862465753424654,415.40000000000003,False
Rajasthan,chickpea,1974,1422000.0,23,558.6496483825598,476.66552666666666,25.26356164383562,347.0,False
Rajasthan,chickpea,1975,1950200.0,26,767.1520782483848,558.6496483825598,23.943287671232873,719.2,False
Rajasthan,chickpea,1976,1775400.0,26,768.6707975667455,767.1520782483848,24.62896174863388,436.7,False
Rajasthan,chickpea,1977,1864100.0,25,799.0993122686551,768.6707975667455,24.966301369863015,412.1,False
Rajasthan,chickpea,1978,1745900.0,26,909.1015728277679,799.0993122686551,24.585205479452057,304.2,False
Rajasthan,chickpea,1979,1302900.0,25,551.6931529664595,909.1015728277679,24.872328767123285,459.2,False
Rajasthan,chickpea,1980,1282100.0,26,691.0523625302238,551.6931529664595,25.486065573770492,193.9,True
Rajasthan,chickpea,1981,1936600.0,26,584.323554167097,691.0523625302238,25.110410958904108,208.5,True
Rajasthan,chickpea,1982,1818400.0,26,682.7435003299604,584.323554167097,24.465479452054794,260.9,False
Rajasthan,chickpea,1983,1799800.0,26,549.782460828981,682.7435003299604,24.426575342465757,431.1,False
Rajasthan,chickpea,1984,1532700.0,25,632.6077445031643,549.782460828981,24.996174863387978,163.3,True
Rajasthan,chickpea,1985,1946700.0,23,833.8212518621257,632.6077445031643,25.45698630136986,264.2,False
Rajasthan,chickpea,1986,1314000.0,23,578.3855251141553,833.8212518621257,25.220547945205478,204.70000000000002,True
Rajasthan,chickpea,1987,684100.0,22,600.2049568776495,578.3855251141553,26.26356164383562,88.9,True
Rajasthan,chickpea,1988,1281700.0,25,754.6229975813372,600.2049568776495,26.03688524590164,256.3,False
Rajasthan,chickpea,1989,1144000.0,26,621.939152972028,754.6229975813372,24.9986301369863,230.4,False
Rajasthan,chickpea,1990,1707790.0,26,592.010914046809,621.939152972028,24.684383561643834,421.0,False
Rajasthan,chickpea,1991,1029760.0,26,659.5925332116221,592.010914046809,25.226575342465754,219.4,False
Rajasthan,chickpea,1992,1447830.0,26,547.9653522858347,659.5925332116221,24.572131147540983,435.5,False
Rajasthan,chickpea,1993,1222640.0,26,535.0551726591638,547.9653522858347,25.526849315068493,216.5,True
Rajasthan,chickpea,1994,1585580.0,26,754.8654191526128,535.0551726591638,25.003835616438355,421.9,False
Rajasthan,chickpea,1995,1620280.0,26,672.9137280593477,754.8654191526128,24.968767123287673,478.3,False
Rajasthan,chickpea,1996,1519190.0,26,705.0150208334704,672.9137280593477,24.580327868852457,414.9,False
Rajasthan,chickpea,1997,2250150.0,26,870.2748796746883,705.0150208334704,23.89178082191781,354.8,False
Rajasthan,chickpea,1998,2815730.0,26,736.5152628625614,870.2748796746883,25.274794520547943,409.7,False
Rajasthan,chickpea,1999,975380.0,26,695.0010517951978,736.5152628625614,25.653150684931507,269.0,False
Rajasthan,chickpea,2000,672670.0,26,589.6641231212927,695.0010517951978,25.408743169398907,234.5,False
Rajasthan,chickpea,2001,969620.0,26,758.5852544295703,589.6641231212927,25.197260273972603,272.2,False
Rajasthan,chickpea,2002,449720.0,25,757.4488821933647,758.5852544295703,26.373698630136985,105.0,True
Rajasthan,chickpea,2003,1117530.0,26,632.8422603420041,757.4488821933647,24.793150684931508,369.8,False
Rajasthan,chickpea,2004,1036830.0,25,746.4781490697607,632.8422603420041,25.845901639344262,225.4,False
Rajasthan,chickpea,2005,1081910.0,26,442.7004823876293,746.4781490697607,25.101369863013698,197.7,True
Rajasthan,chickpea,2006,1010760.0,26,863.300608650916,442.7004823876293,25.916986301369864,231.4,False
Rajasthan,chickpea,2007,1231310.0,26,466.30907935450864,863.300608650916,25.667123287671235,279.3,False
Rajasthan,chickpea,2008,1259450.0,26,779.0537563222041,466.30907935450864,25.29535519125683,390.4,False
Rajasthan,chickpea,2009,884370.0,25,604.5769222158146,779.0537563222041,26.443287671232873,113.4,True
Rajasthan,chickpea,2010,1783320.0,26,897.60175829352,604.5769222158146,26.05068493150685,470.2,False
Rajasthan,chickpea,2011,1433960.0,26,690.4095117715975,897.60175829352,25.412328767123288,350.1,False
Rajasthan,chickpea,2012,1252940.0,26,1019.4505167047106,690.4095117715975,24.756284153005463,504.8,False
Rajasthan,chickpea,2013,1923490.0,26,852.9866238451981,1019.4505167047106,24.732602739726026,367.4,False
Rajasthan,chickpea,2014,1256320.0,26,725.220847554763,852.9866238451981,24.961095890410956,356.8,False
Rajasthan,chickpea,2015,942000.0,26,892.09416507431,725.220847554763,25.38986301369863,322.6,False
Rajasthan,chickpea,2016,1547910.0,26,910.5061617923524,892.09416507431,25.92431693989071,491.7,False
Rajasthan,chickpea,2017,1572570.0,26,1073.569055940276,910.5061617923524,26.105479452054794,281.5,False
Rajasthan,maize,1967,745300.0,19,1377.2988662283644,829.1013847608755,24.822739726027397,365.1,False
Rajasthan,maize,1968,794600.0,18,532.3410672036244,1377.2988662283644,25.48879781420765,161.7,True
Rajasthan,maize,1969,777000.0,17,666.1528828828829,532.3410672036244,26.273150684931508,205.0,True
Rajasthan,maize,1970,758600.0,19,1226.8653822831532,666.1528828828829,25.15013698630137,559.3,False
Rajasthan,maize,1971,763200.0,19,984.4094339622642,1226.8653822831532,24.85890410958904,421.1,False
Rajasthan,maize,1972,802500.0,19,826.5424660436137,984.4094339622642,25.258196721311474,287.8,False
Rajasthan,maize,1973,838100.0,19,412.36274907528934,826.5424660436137,24.862465753424654,415.40000000000003,False
Rajasthan,maize,1974,756000.0,19,624.8669986772487,412.36274907528934,25.26356164383562,347.0,False
Rajasthan,maize,1975,685400.0,21,1141.231542165159,624.8669986772487,23.943287671232873,719.2,False
Rajasthan,maize,1976,762800.0,21,760.35642370215,1141.231542165159,24.62896174863388,436.7,False
Rajasthan,maize,1977,748900.0,19,688.7442502336761,760.35642370215,24.966301369863015,412.1,False
Rajasthan,maize,1978,807800.0,21,970.4127011636543,688.7442502336761,24.585205479452057,304.2,False
Rajasthan,maize,1979,887000.0,19,753.1009785794814,970.4127011636543,24.872328767123285,459.2,False
Rajasthan,maize,1980,888500.0,19,883.0611142374789,753.1009785794814,25.486065573770492,193.9,True
Rajasthan,maize,1981,910700.0,18,828.2636246843088,883.0611142374789,25.110410958904108,208.5,True
Rajasthan,maize,1982,887700.0,19,786.8657237805566,828.2636246843088,24.465479452054794,260.9,False
Rajasthan,maize,1983,884900.0,18,1387.1633461408069,786.8657237805566,24.426575342465757,431.1,False
Rajasthan,maize,1984,911800.0,21,1231.5209991226145,1387.1633461408069,24.996174863387978,163.3,True
Rajasthan,maize,1985,973100.0,20,661.2873014078717,1231.5209991226145,25.45698630136986,264.2,False
Rajasthan,maize,1986,974900.0,19,661.0940127192532,661.2873014078717,25.220547945205478,204.70000000000002,True
Rajasthan,maize,1987,797000.0,19,378.1688833124216,661.0940127192532,26.26356164383562,88.9,True
Rajasthan,maize,1988,890000.0,20,1368.314626966292,378.1688833124216,26.03688524590164,256.3,False
Rajasthan,maize,1989,942700.0,20,1392.9127909196986,1368.314626966292,24.9986301369863,230.4,False
Rajasthan,maize,1990,983660.0,23,1324.937960880792,1392.9127909196986,24.684383561643834,421.0,False
Rajasthan,maize,1991,949040.0,22,808.3843356444409,1324.937960880792,25.226575342465754,219.4,False
Rajasthan,maize,1992,954210.0,22,1058.1949862189665,808.3843356444409,24.572131147540983,435.5,False
Rajasthan,maize,1993,920490.0,22,1004.6914811676389,1058.1949862189665,25.526849315068493,216.5,True
Rajasthan,maize,1994,927180.0,24,727.7663122586769,1004.6914811676389,25.003835616438355,421.9,False
Rajasthan,maize,1995,911080.0,22,891.0735347060631,727.7663122586769,24.968767123287673,478.3,False
Rajasthan,maize,1996,927930.0,22,1108.554592911103,891.0735347060631,24.580327868852457,414.9,False
Rajasthan,maize,1997,969870.0,22,1260.425347417695,1108.554592911103,23.89178082191781,354.8,False
Rajasthan,maize,1998,946370.0,21,1080.4321934338577,1260.425347417695,25.274794520547943,409.7,False
Rajasthan,maize,1999,933600.0,22,1037.5513863538988,1080.4321934338577,25.653150684931507,269.0,False
Rajasthan,maize,2000,969900.0,23,1046.8397200742345,1037.5513863538988,25.408743169398907,234.5,False
Rajasthan,maize,2001,1017450.0,23,1453.4860588726717,1046.8397200742345,25.197260273972603,272.2,False
Rajasthan,maize,2002,983580.0,22,884.8193566359624,1453.4860588726717,26.373698630136985,105.0,True
Rajasthan,maize,2003,1110640.0,22,1863.233320157747,884.8193566359624,24.793150684931508,369.8,False
Rajasthan,maize,2004,1042530.0,21,1210.7660142154182,1863.233320157747,25.845901639344262,225.4,False
Rajasthan,maize,2005,1004990.0,22,1098.389854426412,1210.7660142154182,25.101369863013698,197.7,True
Rajasthan,maize,2006,1032130.0,22,1083.1567290942032,1098.389854426412,25.916986301369864,231.4,False
Rajasthan,maize,2007,1055550.0,22,1858.2903997915778,1083.1567290942032,25.667123287671235,279.3,False
Rajasthan,maize,2008,1053880.0,23,1737.4912248073786,1858.2903997915778,25.29535519125683,390.4,False
Rajasthan,maize,2009,1096220.0,21,1044.2723713305725,1737.4912248073786,26.443287671232873,113.4,True
Rajasthan,maize,2010,1143090.0,21,1795.9764451617982,1044.2723713305725,26.05068493150685,470.2,False
Rajasthan,maize,2011,1045630.0,22,1579.563522087163,1795.9764451617982,25.412328767123288,350.1,False
Rajasthan,maize,2012,986150.0,21,1884.2869615170105,1579.563522087163,24.756284153005463,504.8,False
Rajasthan,maize,2013,926710.0,21,1594.3623500339913,1884.2869615170105,24.732602739726026,367.4,False
Rajasthan,maize,2014,904280.0,20,1731.2967949086565,1594.3623500339913,24.961095890410956,356.8,False
Rajasthan,maize,2015,881120.0,22,1312.7613351189393,1731.2967949086565,25.38986301369863,322.6,False
Rajasthan,maize,2016,937270.0,20,1498.1686089387263,1312.7613351189393,25.92431693989071,491.7,False
Rajasthan,maize,2017,870110.0,19,2026.7866445621817,1498.1686089387263,26.105479452054794,281.5,False
Rajasthan,rice,1967,95100.0,11,1000.0,288.6601030927835,24.822739726027397,365.1,False
Rajasthan,rice,1968,128800.0,11,443.32455745341616,1000.0,25.48879781420765,161.7,True
Rajasthan,rice,1969,119200.0,11,831.3763171140939,443.32455745341616,26.273150684931508,205.0,True
Rajasthan,rice,1970,117500.0,13,1152.3392425531915,831.3763171140939,25.15013698630137,559.3,False
Rajasthan,rice,1971,132700.0,13,1202.7124340617936,1152.3392425531915,24.85890410958904,421.1,False
Rajasthan,rice,1972,135400.0,12,602.6568168389956,1202.7124340617936,25.258196721311474,287.8,False
Rajasthan,rice,1973,132700.0,13,892.236850037679,602.6568168389956,24.862465753424654,415.40000000000003,False
Rajasthan,rice,1974,129000.0,11,773.6434418604651,892.236850037679,25.26356164383562,347.0,False
Rajasthan,rice,1975,153500.0,13,1448.2077198697068,773.6434418604651,23.943287671232873,719.2,False
Rajasthan,rice,1976,159000.0,19,1339.6228301886792,1448.2077198697068,24.62896174863388,436.7,False
Rajasthan,rice,1977,183300.0,19,1286.4152973267867,1339.6228301886792,24.966301369863015,412.1,False
Rajasthan,rice,1978,210600.0,18,1107.7866999050332,1286.4152973267867,24.585205479452057,304.2,False
Rajasthan,rice,1979,185300.0,17,541.2831570426335,1107.7866999050332,24.872328767123285,459.2,False
Rajasthan,rice,1980,170400.0,15,880.280322769953,541.2831570426335,25.486065573770492,193.9,True
Rajasthan,rice,1981,139800.0,12,991.415443490701,880.280322769953,25.110410958904108,208.5,True
Rajasthan,rice,1982,118400.0,14,771.1149915540541,991.415443490701,24.465479452054794,260.9,False
Rajasthan,rice,1983,161000.0,13,1350.308403726708,771.1149915540541,24.426575342465757,431.1,False
Rajasthan,rice,1984,169900.0,13,1252.5025250147146,1350.308403726708,24.996174863387978,163.3,True
Rajasthan,rice,1985,131300.0,11,908.604569687738,1252.5025250147146,25.45698630136986,264.2,False
Rajasthan,rice,1986,148900.0,14,883.815325721961,908.604569687738,25.220547945205478,204.70000000000002,True
Rajasthan,rice,1987,94600.0,10,800.2116279069768,883.815325721961,26.26356164383562,88.9,True
Rajasthan,rice,1988,129500.0,11,1422.3933667953668,800.2116279069768,26.03688524590164,256.3,False
Rajasthan,rice,1989,118800.0,10,1271.8844865319866,1422.3933667953668,24.9986301369863,230.4,False
Rajasthan,rice,1990,120180.0,17,1182.7263429855218,1271.8844865319866,24.684383561643834,421.0,False
Rajasthan,rice,1991,140130.0,14,852.7055548419326,1182.7263429855218,25.226575342465754,219.4,False
Rajasthan,rice,1992,141680.0,16,1233.6949978825523,852.7055548419326,24.572131147540983,435.5,False
Rajasthan,rice,1993,140740.0,17,760.6208149779736,1233.6949978825523,25.526849315068493,216.5,True
Rajasthan,rice,1994,159120.0,17,1088.6133848667673,760.6208149779736,25.003835616438355,421.9,False
Rajasthan,rice,1995,139470.0,16,843.0484089768408,1088.6133848667673,24.968767123287673,478.3,False
Rajasthan,rice,1996,147110.0,16,1184.4182652436953,843.0484089768408,24.580327868852457,414.9,False
Rajasthan,rice,1997,165900.0,16,1146.897415310428,1184.4182652436953,23.89178082191781,354.8,False
Rajasthan,rice,1998,168070.0,17,1222.7044279169395,1146.897415310428,25.274794520547943,409.7,False
Rajasthan,rice,1999,200230.0,19,1261.547996803676,1222.7044279169395,25.653150684931507,269.0,False
Rajasthan,rice,2000,166280.0,17,936.4913044262689,1261.547996803676,25.408743169398907,234.5,False
Rajasthan,rice,2001,144400.0,16,1247.0230789473683,936.4913044262689,25.197260273972603,272.2,False
Rajasthan,rice,2002,83570.0,13,812.8546511906187,1247.0230789473683,26.373698630136985,105.0,True
Rajasthan,rice,2003,99710.0,16,1652.993338682178,812.8546511906187,24.793150684931508,369.8,False
Rajasthan,rice,2004,101370.0,15,1484.0681631646441,1652.993338682178,25.845901639344262,225.4,False
Rajasthan,rice,2005,107500.0,14,1423.908038139535,1484.0681631646441,25.101369863013698,197.7,True
Rajasthan,rice,2006,107800.0,15,1575.6029183673468,1423.908038139535,25.916986301369864,231.4,False
Rajasthan,rice,2007,127840.0,13,2031.2883275969962,1575.6029183673468,25.667123287671235,279.3,False
Rajasthan,rice,2008,133410.0,13,1807.055524323514,2031.2883275969962,25.29535519125683,390.4,False
Rajasthan,rice,2009,150710.0,15,1514.6328538252271,1807.055524323514,26.443287671232873,113.4,True
Rajasthan,rice,2010,131150.0,14,2024.96068852459,1514.6328538252271,26.05068493150685,470.2,False
Rajasthan,rice,2011,134360.0,14,1885.9408425126526,2024.96068852459,25.412328767123288,350.1,False
Rajasthan,rice,2012,125670.0,14,1770.7753815548658,1885.9408425126526,24.756284153005463,504.8,False
Rajasthan,rice,2013,145580.0,14,2147.1077283967575,1770.7753815548658,24.732602739726026,367.4,False
Rajasthan,rice,2014,167770.0,15,2185.6917893544733,2147.1077283967575,24.961095890410956,356.8,False
Rajasthan,rice,2015,182920.0,15,2021.5922528974413,2185.6917893544733,25.38986301369863,322.6,False
Rajasthan,rice,2016,197760.0,14,2289.1133798543688,2021.5922528974413,25.92431693989071,491.7,False
Rajasthan,rice,2017,190650.0,13,2365.3505061631263,2289.1133798543688,26.105479452054794,281.5,False
Tamil Nadu,chickpea,1967,2800.0,3,500.0,812.5,27.419726027397264,931.0,False
Tamil Nadu,chickpea,1968,3200.0,2,718.749375,500.0,27.36120218579235,822.2,False
Tamil Nadu,chickpea,1969,1800.0,3,499.99944444444446,718.749375,28.094520547945205,1006.1,False
Tamil Nadu,chickpea,1970,4200.0,4,571.4311904761905,499.99944444444446,27.684109589041096,790.1,False
Tamil Nadu,chickpea,1971,3400.0,7,676.4705882352941,571.4311904761905,27.607397260273974,810.6,False
Tamil Nadu,chickpea,1972,8300.0,5,602.4055421686747,676.4705882352941,27.850819672131145,999.8,False
Tamil Nadu,chickpea,1973,10900.0,6,614.6822935779817,602.4055421686747,27.81095890410959,742.7,False
Tamil Nadu,chickpea,1974,12800.0,3,367.186640625,614.6822935779817,28.210410958904106,463.7,True
Tamil Nadu,chickpea,1975,7800.0,6,589.7433333333333,367.186640625,27.79095890410959,862.3,False
Tamil Nadu,chickpea,1976,8700.0,5,586.2059770114943,589.7433333333333,28.060928961748633,645.2,True
Tamil Nadu,chickpea,1977,7400.0,6,472.9724324324324,586.2059770114943,27.839726027397262,728.6,True
Tamil Nadu,chickpea,1978,9400.0,4,574.4704255319149,472.9724324324324,27.87945205479452,807.7,False
Tamil Nadu,chickpea,1979,8800.0,4,590.9089772727273,574.4704255319149,27.976986301369863,815.6,False
Tamil Nadu,chickpea,1980,11100.0,4,594.5953153153154,590.9089772727273,28.11967213114754,597.9,True
Tamil Nadu,chickpea,1981,12300.0,4,593.4970731707317,594.5953153153154,27.681917808219175,816.0,False
Tamil Nadu,chickpea,1982,8500.0,4,552.9381176470588,593.4970731707317,28.19178082191781,508.5,True
Tamil Nadu,chickpea,1983,11900.0,4,579.83243697479,552.9381176470588,28.510410958904107,838.3,False
Tamil Nadu,chickpea,1984,6300.0,6,603.1746031746031,579.83243697479,27.271584699453552,997.2,False
Tamil Nadu,chickpea,1985,8600.0,4,627.9096511627907,603.1746031746031,28.192054794520548,670.2,True
Tamil Nadu,chickpea,1986,6000.0,2,833.3333333333334,627.9096511627907,28.23972602739726,791.3,False
Tamil Nadu,chickpea,1987,7200.0,3,708.3333333333334,833.3333333333334,28.58958904109589,579.8,True
Tamil Nadu,chickpea,1988,4300.0,2,651.1602325581396,708.3333333333334,28.041803278688523,878.7,False
Tamil Nadu,chickpea,1989,5200.0,5,615.3821153846154,651.1602325581396,27.70657534246575,946.6,False
Tamil Nadu,chickpea,1990,9940.0,8,649.8714989939638,615.3821153846154,28.274520547945208,721.2,True
Tamil Nadu,chickpea,1991,4610.0,6,583.2407809110629,649.8714989939638,28.17945205479452,868.1,False
Tamil Nadu,chickpea,1992,6630.0,6,628.7721266968326,583.2407809110629,27.798907103825137,815.0,False
Tamil Nadu,chickpea,1993,2600.0,2,769.2307692307693,628.7721266968326,27.80986301369863,1117.8,False
Tamil Nadu,chickpea,1994,9570.0,7,668.826091954023,769.2307692307693,27.632328767123287,764.5,False
Tamil Nadu,chickpea,1995,8470.0,8,659.9760566706021,668.826091954023,27.914520547945205,892.9,False
Tamil Nadu,chickpea,1996,7410.0,7,705.81004048583,659.9760566706021,27.62950819672131,1245.9,False
Tamil Nadu,chickpea,1997,6240.0,7,655.4476762820512,705.81004048583,27.887945205479454,910.0,False
Tamil Nadu,chickpea,1998,10150.0,6,618.6126600985222,655.4476762820512,28.273972602739725,977.3,False
Tamil Nadu,chickpea,1999,7830.0,8,632.036858237548,618.6126600985222,27.827945205479455,752.8,False
Tamil Nadu,chickpea,2000,5700.0,7,640.343649122807,632.036858237548,27.633879781420767,905.2,False
Tamil Nadu,chickpea,2001,7010.0,8,649.1493580599144,640.343649122807,27.975342465753425,731.5,True
Tamil Nadu,chickpea,2002,6180.0,7,678.0433980582525,649.1493580599144,28.193150684931506,628.5,True
Tamil Nadu,chickpea,2003,6620.0,8,658.6533836858007,678.0433980582525,28.374246575342468,819.2,False
Tamil Nadu,chickpea,2004,6430.0,7,614.0458631415241,658.6533836858007,27.564207650273225,935.7,False
Tamil Nadu,chickpea,2005,5870.0,6,681.2159625212947,614.0458631415241,27.873424657534244,1333.3,False
Tamil Nadu,chickpea,2006,5930.0,8,649.3345362563238,681.2159625212947,27.720547945205478,885.6,False
Tamil Nadu,chickpea,2007,6820.0,9,674.6546920821115,649.3345362563238,27.612054794520546,1135.9,False
Tamil Nadu,chickpea,2008,6830.0,8,638.3640263543192,674.6546920821115,27.599726775956285,1182.1,False
Tamil Nadu,chickpea,2009,7450.0,10,612.1192483221477,638.3640263543192,28.113150684931504,953.0,False
Tamil Nadu,chickpea,2010,7290.0,9,675.2363786008231,612.1192483221477,27.942739726027398,1090.3,False
Tamil Nadu,chickpea,2011,8580.0,7,643.3561655011655,675.2363786008231,27.688767123287672,940.2,False
Tamil Nadu,chickpea,2012,7030.0,8,645.811266002845,643.3561655011655,28.400546448087432,777.6,False
Tamil Nadu,chickpea,2013,8940.0,8,651.0056599552572,645.811266002845,28.339726027397262,690.9,True
Tamil Nadu,chickpea,2014,6820.0,9,614.3701612903226,651.0056599552572,28.164931506849317,952.9,False
Tamil Nadu,chickpea,2015,4870.0,9,652.977433264887,614.3701612903226,27.69369863013699,1428.9,False
Tamil Nadu,chickpea,2016,5240.0,9,649.0039312977099,652.977433264887,28.503005464480875,772.4,False
Tamil Nadu,chickpea,2017,5200.0,8,926.015076923077,649.0039312977099,28.553150684931506,1102.0,False
Tamil Nadu,maize,1967,11100.0,6,1090.0891891891893,1123.4567901234568,27.419726027397264,931.0,False
Tamil Nadu,maize,1968,10900.0,6,1045.870733944954,1090.0891891891893,27.36120218579235,822.2,False
Tamil Nadu,maize,1969,14000.0,7,1078.5715,1045.870733944954,28.094520547945205,1006.1,False
Tamil Nadu,maize,1970,14000.0,7,1114.2850714285717,1078.5715,27.684109589041096,790.1,False
Tamil Nadu,maize,1971,13700.0,8,1087.5897810218978,1114.2850714285717,27.607397260273974,810.6,False
Tamil Nadu,maize,1972,15400.0,7,1071.4287012987013,1087.5897810218978,27.850819672131145,999.8,False
Tamil Nadu,maize,1973,18900.0,7,1037.037142857143,1071.4287012987013,27.81095890410959,742.7,False
Tamil Nadu,maize,1974,17800.0,9,657.3054494382022,1037.037142857143,28.210410958904106,463.7,True
Tamil Nadu,maize,1975,24900.0,7,1064.2553012048193,657.3054494382022,27.79095890410959,862.3,False
Tamil Nadu,maize,1976,18200.0,7,1126.3756593406592,1064.2553012048193,28.060928961748633,645.2,True
Tamil Nadu,maize,1977,17800.0,6,1073.0344382022472,1126.3756593406592,27.839726027397262,728.6,True
Tamil Nadu,maize,1978,21500.0,7,1074.4203255813954,1073.0344382022472,27.87945205479452,807.7,False
Tamil Nadu,maize,1979,21700.0,6,1165.8992165898617,1074.4203255813954,27.976986301369863,815.6,False
Tamil Nadu,maize,1980,18400.0,6,1130.438097826087,1165.8992165898617,28.11967213114754,597.9,True
Tamil Nadu,maize,1981,27900.0,6,971.3239784946237,1130.438097826087,27.681917808219175,816.0,False
Tamil Nadu,maize,1982,18100.0,6,2591.1579005524864,971.3239784946237,28.19178082191781,508.5,True
Tamil Nadu,maize,1983,24700.0,8,2356.2735222672063,2591.1579005524864,28.510410958904107,838.3,False
Tamil Nadu,maize,1984,22200.0,9,2216.218963963964,2356.2735222672063,27.271584699453552,997.2,False
Tamil Nadu,maize,1985,19700.0,9,2116.749187817259,2216.218963963964,28.192054794520548,670.2,True
Tamil Nadu,maize,1986,32600.0,8,1450.9233128834355,2116.749187817259,28.23972602739726,791.3,False
Tamil Nadu,maize,1987,20600.0,9,1543.6907766990291,1450.9233128834355,28.58958904109589,579.8,True
Tamil Nadu,maize,1988,33000.0,8,1457.5761212121213,1543.6907766990291,28.041803278688523,878.7,False
Tamil Nadu,maize,1989,41200.0,8,1446.600995145631,1457.5761212121213,27.70657534246575,946.6,False
Tamil Nadu,maize,1990,27470.0,9,1595.1899453949761,1446.600995145631,28.274520547945208,721.2,True
Tamil Nadu,maize,1991,33750.0,9,1605.0658488888891,1595.1899453949761,28.17945205479452,868.1,False
Tamil Nadu,maize,1992,43360.0,9,1624.0844303505537,1605.0658488888891,27.798907103825137,815.0,False
Tamil Nadu,maize,1993,40000.0,6,1650.00125,1624.0844303505537,27.80986301369863,1117.8,False
Tamil Nadu,maize,1994,46550.0,9,1581.7604983888289,1650.00125,27.632328767123287,764.5,False
Tamil Nadu,maize,1995,46840.0,8,1598.3948292058074,1581.7604983888289,27.914520547945205,892.9,False
Tamil Nadu,maize,1996,48980.0,8,1641.2964842792976,1598.3948292058074,27.62950819672131,1245.9,False
Tamil Nadu,maize,1997,58040.0,8,1635.5927498277051,1641.2964842792976,27.887945205479454,910.0,False
Tamil Nadu,maize,1998,55630.0,8,1587.9930109653062,1635.5927498277051,28.273972602739725,977.3,False
Tamil Nadu,maize,1999,88050.0,9,1560.2429505962518,1587.9930109653062,27.827945205479455,752.8,False
Tamil Nadu,maize,2000,81470.0,9,1717.5865791088743,1560.2429505962518,27.633879781420767,905.2,False
Tamil Nadu,maize,2001,72960.0,9,1623.7319037828947,1717.5865791088743,27.975342465753425,731.5,True
Tamil Nadu,maize,2002,121060.0,9,1583.4122038658518,1623.7319037828947,28.193150684931506,628.5,True
Tamil Nadu,maize,2003,160180.0,10,1567.1109289549256,1583.4122038658518,28.374246575342468,819.2,False
Tamil Nadu,maize,2004,189910.0,10,1551.9268200726658,1567.1109289549256,27.564207650273225,935.7,False
Tamil Nadu,maize,2005,202860.0,10,1189.1430927733413,1551.9268200726658,27.873424657534244,1333.3,False
Tamil Nadu,maize,2006,197790.0,10,3837.8974371808486,1189.1430927733413,27.720547945205478,885.6,False
Tamil Nadu,maize,2007,223460.0,10,3625.1605204510875,3837.8974371808486,27.612054794520546,1135.9,False
Tamil Nadu,maize,2008,286660.0,9,4388.00885753157,3625.1605204510875,27.599726775956285,1182.1,False
Tamil Nadu,maize,2009,244180.0,9,4660.998867229094,4388.00885753157,28.113150684931504,953.0,False
Tamil Nadu,maize,2010,230550.0,10,4456.8875267837775,4660.998867229094,27.942739726027398,1090.3,False
Tamil Nadu,maize,2011,280650.0,10,6041.32886014609,4456.8875267837775,27.688767123287672,940.2,False
Tamil Nadu,maize,2012,291070.0,10,3251.3234634280416,6041.32886014609,28.400546448087432,777.6,False
Tamil Nadu,maize,2013,380450.0,10,5901.564699960572,3251.3234634280416,28.339726027397262,690.9,True
Tamil Nadu,maize,2014,321980.0,11,8223.327589601839,5901.564699960572,28.164931506849317,952.9,False
Tamil Nadu,maize,2015,355080.0,11,7131.701289286922,8223.327589601839,27.69369863013699,1428.9,False
Tamil Nadu,maize,2016,315030.0,11,3026.364754785259,7131.701289286922,28.503005464480875,772.4,False
Tamil Nadu,maize,2017,324530.0,10,7986.143108187225,3026.364754785259,28.553150684931506,1102.0,False
Tamil Nadu,rice,1967,2660000.0,12,1446.6161052631578,1410.5618780215693,27.419726027397264,931.0,False
Tamil Nadu,rice,1968,2362800.0,12,1502.031062722194,1446.6161052631578,27.36120218579235,822.2,False
Tamil Nadu,rice,1969,2517700.0,12,1593.479160344759,1502.031062722194,28.094520547945205,1006.1,False
Tamil Nadu,rice,1970,2635700.0,12,1899.6462639905908,1593.479160344759,27.684109589041096,790.1,False
Tamil Nadu,rice,1971,2689900.0,12,1971.1144875274174,1899.6462639905908,27.607397260273974,810.6,False
Tamil Nadu,rice,1972,2850600.0,12,1953.7303690451133,1971.1144875274174,27.850819672131145,999.8,False
Tamil Nadu,rice,1973,2704200.0,12,2055.4319236742845,1953.7303690451133,27.81095890410959,742.7,False
Tamil Nadu,rice,1974,2263800.0,12,1627.176615867126,2055.4319236742845,28.210410958904106,463.7,True
Tamil Nadu,rice,1975,2563500.0,12,2029.6100947922762,1627.176615867126,27.79095890410959,862.3,False
Tamil Nadu,rice,1976,2318300.0,12,1895.8736203252383,2029.6100947922762,28.060928961748633,645.2,True
Tamil Nadu,rice,1977,2782300.0,12,2050.6424972145346,1895.8736203252383,27.839726027397262,728.6,True
Tamil Nadu,rice,1978,2756300.0,12,2034.901818379712,2050.6424972145346,27.87945205479452,807.7,False
Tamil Nadu,rice,1979,2897100.0,12,2002.4155124089607,2034.901818379712,27.976986301369863,815.6,False
Tamil Nadu,rice,1980,2299500.0,12,1860.8392454881496,2002.4155124089607,28.11967213114754,597.9,True
Tamil Nadu,rice,1981,2514400.0,12,2278.7535109767737,1860.8392454881496,27.681917808219175,816.0,False
Tamil Nadu,rice,1982,1744900.0,12,1891.2253567539688,2278.7535109767737,28.19178082191781,508.5,True
Tamil Nadu,rice,1983,2282400.0,12,1948.781551875219,1891.2253567539688,28.510410958904107,838.3,False
Tamil Nadu,rice,1984,2520000.0,12,2140.475575396825,1948.781551875219,27.271584699453552,997.2,False
Tamil Nadu,rice,1985,2233500.0,12,2507.2297528542645,2140.475575396825,28.192054794520548,670.2,True
Tamil Nadu,rice,1986,1918400.0,12,2779.8671658673893,2507.2297528542645,28.23972602739726,791.3,False
Tamil Nadu,rice,1987,1988600.0,12,2778.184532837172,2779.8671658673893,28.58958904109589,579.8,True
Tamil Nadu,rice,1988,1889200.0,12,2952.5199952360786,2778.184532837172,28.041803278688523,878.7,False
Tamil Nadu,rice,1989,2015200.0,12,3092.348015085351,2952.5199952360786,27.70657534246575,946.6,False
Tamil Nadu,rice,1990,1855750.0,12,3115.957588791594,3092.348015085351,28.274520547945208,721.2,True
Tamil Nadu,rice,1991,2117890.0,12,3114.543248516212,3115.957588791594,28.17945205479452,868.1,False
Tamil Nadu,rice,1992,2184370.0,12,3115.6461861314706,3114.543248516212,27.798907103825137,815.0,False
Tamil Nadu,rice,1993,2313000.0,12,2849.979247384349,3115.6461861314706,27.80986301369863,1117.8,False
Tamil Nadu,rice,1994,2228540.0,12,3391.775253888196,2849.979247384349,27.632328767123287,764.5,False
Tamil Nadu,rice,1995,1947590.0,12,2716.1956819453785,3391.775253888196,27.914520547945205,892.9,False
Tamil Nadu,rice,1996,2173710.0,12,2670.6836947430893,2716.1956819453785,27.62950819672131,1245.9,False
Tamil Nadu,rice,1997,2260540.0,12,3049.5979219567007,2670.6836947430893,27.887945205479454,910.0,False
Tamil Nadu,rice,1998,2274960.0,12,3578.6550601329254,3049.5979219567007,28.273972602739725,977.3,False
Tamil Nadu,rice,1999,2163580.0,12,3481.311407713142,3578.6550601329254,27.827945205479455,752.8,False
Tamil Nadu,rice,2000,2080030.0,12,3541.448913765667,3481.311407713142,27.633879781420767,905.2,False
Tamil Nadu,rice,2001,2059880.0,12,3196.122236101132,3541.448913765667,27.975342465753425,731.5,True
Tamil Nadu,rice,2002,1516550.0,12,2358.7236414889057,3196.122236101132,28.193150684931506,628.5,True
Tamil Nadu,rice,2003,1396660.0,12,2307.4969063336816,2358.7236414889057,28.374246575342468,819.2,False
Tamil Nadu,rice,2004,1872830.0,12,2702.670558246077,2307.4969063336816,27.564207650273225,935.7,False
Tamil Nadu,rice,2005,2050470.0,12,2540.618505171985,2702.670558246077,27.873424657534244,1333.3,False
Tamil Nadu,rice,2006,1931420.0,12,3422.669503215251,2540.618505171985,27.720547945205478,885.6,False
Tamil Nadu,rice,2007,1789180.0,12,2816.915243575269,3422.669503215251,27.612054794520546,1135.9,False
Tamil Nadu,rice,2008,1931620.0,12,2683.425145421977,2816.915243575269,27.599726775956285,1182.1,False
Tamil Nadu,rice,2009,1845580.0,12,3069.641497957282,2683.425145421977,28.113150684931504,953.0,False
Tamil Nadu,rice,2010,1905770.0,12,3039.4271057367887,3069.641497957282,27.942739726027398,1090.3,False
Tamil Nadu,rice,2011,1781440.0,12,3913.2403498293515,3039.4271057367887,27.688767123287672,940.2,False
Tamil Nadu,rice,2012,1493270.0,12,2712.3854884247326,3913.2403498293515,28.400546448087432,777.6,False
Tamil Nadu,rice,2013,1725770.0,12,4122.933284620778,2712.3854884247326,28.339726027397262,690.9,True
Tamil Nadu,rice,2014,1795010.0,12,4428.646548431485,4122.933284620778,28.164931506849317,952.9,False
Tamil Nadu,rice,2015,2000230.0,12,3686.907103033151,4428.646548431485,27.69369863013699,1428.9,False
Tamil Nadu,rice,2016,1837330.0,12,3304.2864673738527,3686.907103033151,28.503005464480875,772.4,False
Tamil Nadu,rice,2017,1828870.0,12,3776.0754139441297,3304.2864673738527,28.553150684931506,1102.0,False
Telangana,chickpea,1967,62000.0,9,243.54725806451614,229.82473684210527,26.821369863013697,933.4,False
Telangana,chickpea,1968,57800.0,8,254.324169550173,243.54725806451614,26.515573770491805,1200.7,False
Telangana,chickpea,1969,59000.0,9,266.10118644067796,254.324169550173,26.812328767123287,901.2,False
Telangana,chickpea,1970,57500.0,9,313.0436347826087,266.10118644067796,26.34054794520548,956.7,False
Telangana,chickpea,1971,53200.0,9,368.4217669172932,313.0436347826087,26.73643835616438,559.3,True
Telangana,chickpea,1972,58900.0,9,251.27246179966045,368.4217669172932,27.814207650273225,510.1,True
Telangana,chickpea,1973,47100.0,9,320.5941825902336,251.27246179966045,27.327945205479452,681.7,False
Telangana,chickpea,1974,50400.0,9,408.729503968254,320.5941825902336,26.994246575342466,738.5,False
Telangana,chickpea,1975,62500.0,9,395.202288,408.729503968254,26.274246575342467,1066.0,False
Telangana,chickpea,1976,53900.0,9,289.4252133580705,395.202288,27.023497267759563,848.3,False
Telangana,chickpea,1977,48000.0,9,308.3320625,289.4252133580705,27.316438356164383,472.6,True
Telangana,chickpea,1978,43300.0,9,230.94909930715934,308.3320625,26.692876712328765,780.0,False
Telangana,chickpea,1979,46300.0,9,241.89935205183585,230.94909930715934,27.51780821917808,663.2,False
Telangana,chickpea,1980,33300.0,9,240.23954954954954,241.89935205183585,27.356010928961748,724.7,False
Telangana,chickpea,1981,33700.0,9,237.38887240356084,240.23954954954954,26.45397260273973,670.2,False
Telangana,chickpea,1982,44100.0,9,342.4061904761905,237.38887240356084,27.07123287671233,540.5,True
Telangana,chickpea,1983,39400.0,9,342.63898477157363,342.4061904761905,26.886301369863013,1071.4,False
Telangana,chickpea,1984,28900.0,9,231.83363321799308,342.63898477157363,27.131967213114752,632.1,False
Telangana,chickpea,1985,27600.0,9,231.88347826086957,231.83363321799308,27.33041095890411,541.8,True
Telangana,chickpea,1986,25400.0,7,338.58346456692914,231.88347826086957,27.493972602739724,527.0,True
Telangana,chickpea,1987,24000.0,5,216.66708333333332,338.58346456692914,27.263835616438357,622.9,True
Telangana,chickpea,1988,26900.0,7,237.91669144981412,216.66708333333332,26.977595628415298,870.1,False
Telangana,chickpea,1989,28800.0,8,329.8590625,237.91669144981412,26.684109589041096,926.3,False
Telangana,chickpea,1990,25140.0,9,328.9570326173429,329.8590625,26.023013698630137,1235.9,False
Telangana,chickpea,1991,22790.0,9,337.87053532250985,328.9570326173429,26.725479452054792,690.0,False
Telangana,chickpea,1992,23960.0,9,312.187020033389,337.87053532250985,27.057650273224045,502.6,True
Telangana,chickpea,1993,28000.0,5,392.85535714285714,312.187020033389,26.86219178082192,597.5,True
Telangana,chickpea,1994,39000.0,7,538.4615384615385,392.85535714285714,26.44438356164384,833.6999999999999,False
Telangana,chickpea,1995,33000.0,5,515.1533333333333,538.4615384615385,26.435616438356163,954.7,False
Telangana,chickpea,1996,35000.0,7,628.5737142857142,515.1533333333333,26.642896174863385,823.3,False
Telangana,chickpea,1997,30000.0,3,133.334,628.5737142857142,26.74684931506849,611.2,True
Telangana,chickpea,1998,27000.0,3,148.14777777777778,133.334,26.824109589041093,998.9,False
Telangana,chickpea,1999,33880.0,9,659.3880135773318,148.14777777777778,26.47041095890411,628.5,True
Telangana,chickpea,2000,34670.0,9,717.6204845687914,659.3880135773318,26.45710382513661,1008.9,False
Telangana,chickpea,2001,39860.0,9,1104.8692197691921,717.6204845687914,26.64849315068493,709.6,False
Telangana,chickpea,2002,59000.0,7,1237.2886440677967,1104.8692197691921,27.031232876712327,712.7,False
Telangana,chickpea,2003,87590.0,9,1194.0879666628612,1237.2886440677967,26.834520547945207,882.8,False
Telangana,chickpea,2004,72890.0,9,879.1310920565236,1194.0879666628612,26.524863387978144,696.1,False
Telangana,chickpea,2005,73600.0,9,1419.9746277173913,879.1310920565236,26.64986301369863,1110.1,False
Telangana,chickpea,2006,101120.0,9,1376.9797715585444,1419.9746277173913,26.57917808219178,930.5,False
Telangana,chickpea,2007,117990.0,9,1382.0659699974576,1376.9797715585444,26.72958904109589,868.4,False
Telangana,chickpea,2008,119140.0,9,1571.259661742488,1382.0659699974576,26.524863387978144,1092.0,False
Telangana,chickpea,2009,121490.0,9,1443.9027212116223,1571.259661742488,27.651780821917807,679.7,False
Telangana,chickpea,2010,108760.0,9,1361.714166973152,1443.9027212116223,27.136986301369863,1436.9,False
Telangana,chickpea,2011,84850.0,9,849.3806753093694,1361.714166973152,26.61808219178082,666.2,False
Telangana,chickpea,2012,111960.0,9,1464.0937522329402,849.3806753093694,27.006284153005463,781.4,False
Telangana,chickpea,2013,113440.0,9,1715.620462799718,1464.0937522329402,26.116438356164384,1201.9,False
Telangana,chickpea,2014,59330.0,9,1369.9624473285016,1715.620462799718,26.60082191780822,737.0,False
Telangana,chickpea,2015,69840.0,8,721.0772837915234,1369.9624473285016,26.96219178082192,662.2,False
Telangana,chickpea,2016,101420.0,9,1299.2090011831986,721.0772837915234,26.908196721311477,1094.3,False
Telangana,chickpea,2017,97460.0,9,1516.5008475271907,1299.2090011831986,26.706301369863013,862.4,False
Telangana,maize,1967,218000.0,8,1137.611743119266,750.1153112221717,26.821369863013697,933.4,False
Telangana,maize,1968,226900.0,8,1044.514486557955,1137.611743119266,26.515573770491805,1200.7,False
Telangana,maize,1969,236800.0,9,1204.390443412162,1044.514486557955,26.812328767123287,901.2,False
Telangana,maize,1970,247400.0,9,1345.1877647534357,1204.390443412162,26.34054794520548,956.7,False
Telangana,maize,1971,262200.0,8,1083.9068039664378,1345.1877647534357,26.73643835616438,559.3,True
Telangana,maize,1972,276400.0,8,1015.5560528219971,1083.9068039664378,27.814207650273225,510.1,True
Telangana,maize,1973,271600.0,9,1492.2693961708394,1015.5560528219971,27.327945205479452,681.7,False
Telangana,maize,1974,284800.0,9,1626.0527036516853,1492.2693961708394,26.994246575342466,738.5,False
Telangana,maize,1975,292600.0,9,1636.3641797676007,1626.0527036516853,26.274246575342467,1066.0,False
Telangana,maize,1976,283000.0,9,1025.0885901060071,1636.3641797676007,27.023497267759563,848.3,False
Telangana,maize,1977,292100.0,9,1552.8949914412872,1025.0885901060071,27.316438356164383,472.6,True
Telangana,maize,1978,300500.0,9,1139.4325324459235,1552.8949914412872,26.692876712328765,780.0,False
Telangana,maize,1979,276000.0,8,1362.319492753623,1139.4325324459235,27.51780821917808,663.2,False
Telangana,maize,1980,299300.0,9,1936.1852622786503,1362.319492753623,27.356010928961748,724.7,False
Telangana,maize,1981,316100.0,9,1835.4938627016768,1936.1852622786503,26.45397260273973,670.2,False
Telangana,maize,1982,315300.0,9,2202.3477608626704,1835.4938627016768,27.07123287671233,540.5,True
Telangana,maize,1983,314600.0,9,1441.513827082009,2202.3477608626704,26.886301369863013,1071.4,False
Telangana,maize,1984,290700.0,9,1465.085056759546,1441.513827082009,27.131967213114752,632.1,False
Telangana,maize,1985,297500.0,9,1538.4850957983194,1465.085056759546,27.33041095890411,541.8,True
Telangana,maize,1986,296000.0,8,1425.674391891892,1538.4850957983194,27.493972602739724,527.0,True
Telangana,maize,1987,284900.0,9,1636.0133204633205,1425.674391891892,27.263835616438357,622.9,True
Telangana,maize,1988,274600.0,9,1775.3095447924254,1636.0133204633205,26.977595628415298,870.1,False
Telangana,maize,1989,268700.0,9,2227.9864905098625,1775.3095447924254,26.684109589041096,926.3,False
Telangana,maize,1990,279630.0,9,2087.9358609591245,2227.9864905098625,26.023013698630137,1235.9,False
Telangana,maize,1991,286330.0,9,1999.6881769287188,2087.9358609591245,26.725479452054792,690.0,False
Telangana,maize,1992,283580.0,9,2705.6549315889697,1999.6881769287188,27.057650273224045,502.6,True
Telangana,maize,1993,272000.0,9,2562.499044117647,2705.6549315889697,26.86219178082192,597.5,True
Telangana,maize,1994,281000.0,9,2697.5094661921707,2562.499044117647,26.44438356164384,833.6999999999999,False
Telangana,maize,1995,286000.0,9,2590.9114335664335,2697.5094661921707,26.435616438356163,954.7,False
Telangana,maize,1996,303000.0,9,3145.214785478548,2590.9114335664335,26.642896174863385,823.3,False
Telangana,maize,1997,346000.0,9,2713.873554913295,3145.214785478548,26.74684931506849,611.2,True
Telangana,maize,1998,354000.0,9,3468.927175141243,2713.873554913295,26.824109589041093,998.9,False
Telangana,maize,1999,393430.0,9,3176.9573090511653,3468.927175141243,26.47041095890411,628.5,True
Telangana,maize,2000,449300.0,9,2848.675871355442,3176.9573090511653,26.45710382513661,1008.9,False
Telangana,maize,2001,370100.0,9,3203.5385233720617,2848.675871355442,26.64849315068493,709.6,False
Telangana,maize,2002,451000.0,9,2578.7149889135253,3203.5385233720617,27.031232876712327,712.7,False
Telangana,maize,2003,599390.0,9,3306.4303191578106,2578.7149889135253,26.834520547945207,882.8,False
Telangana,maize,2004,532120.0,9,2539.483589227994,3306.4303191578106,26.524863387978144,696.1,False
Telangana,maize,2005,638140.0,9,3665.809104115084,2539.483589227994,26.64986301369863,1110.1,False
Telangana,maize,2006,591470.0,9,2749.658980844337,3665.809104115084,26.57917808219178,930.5,False
Telangana,maize,2007,604550.0,9,4751.74903713506,2749.658980844337,26.72958904109589,868.4,False
Telangana,maize,2008,600610.0,9,3651.8371687118097,4751.74903713506,26.524863387978144,1092.0,False
Telangana,maize,2009,569280.0,9,2399.594185637999,3651.8371687118097,27.651780821917807,679.7,False
Telangana,maize,2010,510030.0,9,4055.779099660804,2399.594185637999,27.136986301369863,1436.9,False
Telangana,maize,2011,591350.0,9,3200.253708970999,4055.779099660804,26.61808219178082,666.2,False
Telangana,maize,2012,662940.0,9,4440.402245301234,3200.253708970999,27.006284153005463,781.4,False
Telangana,maize,2013,750220.0,9,4680.626609261283,4440.402245301234,26.116438356164384,1201.9,False
Telangana,maize,2014,691480.0,9,3337.8429992190663,4680.626609261283,26.60082191780822,737.0,False
Telangana,maize,2015,572790.0,9,3057.0888159709493,3337.8429992190663,26.96219178082192,662.2,False
Telangana,maize,2016,801820.0,9,3594.872977351525,3057.0888159709493,26.908196721311477,1094.3,False
Telangana,maize,2017,630450.0,9,4365.306193988421,3594.872977351525,26.706301369863013,862.4,False
Telangana,rice,1967,980000.0,9,1379.5925102040817,1304.4421776814734,26.821369863013697,933.4,False
Telangana,rice,1968,690300.0,9,1096.624053310155,1379.5925102040817,26.515573770491805,1200.7,False
Telangana,rice,1969,970900.0,9,1270.3677330312082,1096.624053310155,26.812328767123287,901.2,False
Telangana,rice,1970,1038200.0,9,1290.69543055288,1270.3677330312082,26.34054794520548,956.7,False
Telangana,rice,1971,672800.0,9,1268.1338153983354,1290.69543055288,26.73643835616438,559.3,True
Telangana,rice,1972,660600.0,9,1095.36793672419,1268.1338153983354,27.814207650273225,510.1,True
Telangana,rice,1973,1061700.0,9,1633.6994989168315,1095.36793672419,27.327945205479452,681.7,False
Telangana,rice,1974,1059200.0,9,1478.569952794562,1633.6994989168315,26.994246575342466,738.5,False
Telangana,rice,1975,1244700.0,9,1677.4306780750383,1478.569952794562,26.274246575342467,1066.0,False
Telangana,rice,1976,1174100.0,9,1525.083732220424,1677.4306780750383,27.023497267759563,848.3,False
Telangana,rice,1977,1015000.0,9,1586.4999389162563,1525.083732220424,27.316438356164383,472.6,True
Telangana,rice,1978,1329900.0,9,1939.8455094367998,1586.4999389162563,26.692876712328765,780.0,False
Telangana,rice,1979,995000.0,9,1788.9443015075376,1939.8455094367998,27.51780821917808,663.2,False
Telangana,rice,1980,1050000.0,9,1859.048419047619,1788.9443015075376,27.356010928961748,724.7,False
Telangana,rice,1981,1219000.0,9,2018.0492863002462,1859.048419047619,26.45397260273973,670.2,False
Telangana,rice,1982,1141800.0,9,1988.527097565248,2018.0492863002462,27.07123287671233,540.5,True
Telangana,rice,1983,1285400.0,9,1932.7059491208963,1988.527097565248,26.886301369863013,1071.4,False
Telangana,rice,1984,1029800.0,9,1805.3994882501456,1932.7059491208963,27.131967213114752,632.1,False
Telangana,rice,1985,970100.0,9,1816.2035769508298,1805.3994882501456,27.33041095890411,541.8,True
Telangana,rice,1986,877000.0,9,1762.8290992018244,1816.2035769508298,27.493972602739724,527.0,True
Telangana,rice,1987,945000.0,9,2061.3761375661375,1762.8290992018244,27.263835616438357,622.9,True
Telangana,rice,1988,1316000.0,9,2359.044873100304,2061.3761375661375,26.977595628415298,870.1,False
Telangana,rice,1989,1394300.0,9,2380.333707236606,2359.044873100304,26.684109589041096,926.3,False
Telangana,rice,1990,1405530.0,9,2414.6278590282673,2380.333707236606,26.023013698630137,1235.9,False
Telangana,rice,1991,1329370.0,9,2276.356342854134,2414.6278590282673,26.725479452054792,690.0,False
Telangana,rice,1992,1058190.0,9,2180.004296109394,2276.356342854134,27.057650273224045,502.6,True
Telangana,rice,1993,1005000.0,9,2381.0963383084577,2180.004296109394,26.86219178082192,597.5,True
Telangana,rice,1994,1055000.0,9,2532.6995829383886,2381.0963383084577,26.44438356164384,833.6999999999999,False
Telangana,rice,1995,1104000.0,9,2250.9053351449274,2532.6995829383886,26.435616438356163,954.7,False
Telangana,rice,1996,1360000.0,9,2621.325132352941,2250.9053351449274,26.642896174863385,823.3,False
Telangana,rice,1997,936000.0,9,2215.811388888889,2621.325132352941,26.74684931506849,611.2,True
Telangana,rice,1998,1537000.0,9,2725.4385361093036,2215.811388888889,26.824109589041093,998.9,False
Telangana,rice,1999,1379980.0,9,2373.4971394512963,2725.4385361093036,26.47041095890411,628.5,True
Telangana,rice,2000,1547960.0,9,2853.637297410786,2373.4971394512963,26.45710382513661,1008.9,False
Telangana,rice,2001,1309400.0,9,2723.4693325950816,2853.637297410786,26.64849315068493,709.6,False
Telangana,rice,2002,955000.0,9,2106.806282722513,2723.4693325950816,27.031232876712327,712.7,False
Telangana,rice,2003,1017330.0,9,2849.3395857784594,2106.806282722513,26.834520547945207,882.8,False
Telangana,rice,2004,858530.0,9,2572.269759006674,2849.3395857784594,26.524863387978144,696.1,False
Telangana,rice,2005,1461040.0,9,3021.7600101297703,2572.269759006674,26.64986301369863,1110.1,False
Telangana,rice,2006,1489010.0,9,2858.100580452784,3021.7600101297703,26.57917808219178,930.5,False
Telangana,rice,2007,1406340.0,9,3159.5278170997058,2858.100580452784,26.72958904109589,868.4,False
Telangana,rice,2008,1691490.0,9,3169.1295833850627,3159.5278170997058,26.524863387978144,1092.0,False
Telangana,rice,2009,1115020.0,9,2931.974309429427,3169.1295833850627,27.651780821917807,679.7,False
Telangana,rice,2010,1978940.0,9,3302.8939080517857,2931.974309429427,27.136986301369863,1436.9,False
Telangana,rice,2011,1749550.0,9,2942.260048183819,3302.8939080517857,26.61808219178082,666.2,False
Telangana,rice,2012,1418510.0,9,3276.543484501343,2942.260048183819,27.006284153005463,781.4,False
Telangana,rice,2013,1994420.0,9,3299.7506950892994,3276.543484501343,26.116438356164384,1201.9,False
Telangana,rice,2014,1415420.0,9,3211.056092184652,3299.7506950892994,26.60082191780822,737.0,False
Telangana,rice,2015,1046180.0,9,2912.7784372670094,3211.056092184652,26.96219178082192,662.2,False
Telangana,rice,2016,1828560.0,9,3608.8704564247278,2912.7784372670094,26.908196721311477,1094.3,False
Telangana,rice,2017,1962370.0,9,3191.758533507952,3608.8704564247278,26.706301369863013,862.4,False
Uttar Pradesh,chickpea,1967,2240200.0,46,718.6424109454513,403.12716881470527,25.092876712328767,1245.2,False
Uttar Pradesh,chickpea,1968,2170400.0,46,705.8155183376336,718.6424109454513,24.821584699453556,871.5,False
Uttar Pradesh,chickpea,1969,2236600.0,46,803.0498260752928,705.8155183376336,25.48328767123288,1010.7,False
Uttar Pradesh,chickpea,1970,2059000.0,46,756.144664885867,803.0498260752928,24.78383561643836,1103.4,False
Uttar Pradesh,chickpea,1971,1965100.0,46,792.7330146048547,756.144664885867,23.87917808219178,1347.9,False
Uttar Pradesh,chickpea,1972,1896500.0,46,762.0878133403638,792.7330146048547,25.41584699453552,884.3,False
Uttar Pradesh,chickpea,1973,1944800.0,46,547.3558715549157,762.0878133403638,25.04301369863014,1521.5,False
Uttar Pradesh,chickpea,1974,1707000.0,46,592.5018728763913,547.3558715549157,25.3454794520548,782.8,False
Uttar Pradesh,chickpea,1975,1710800.0,46,722.9954728781856,592.5018728763913,24.767123287671232,1197.5,False
Uttar Pradesh,chickpea,1976,1648400.0,46,821.0386981315215,722.9954728781856,25.22103825136612,929.9,False
Uttar Pradesh,chickpea,1977,1647700.0,46,736.8445366268131,821.0386981315215,25.06438356164384,759.7,True
Uttar Pradesh,chickpea,1978,1634100.0,46,750.7503549354385,736.8445366268131,24.53972602739726,998.5,False
Uttar Pradesh,chickpea,1979,1557400.0,46,436.3046462052138,750.7503549354385,25.83780821917808,636.7,True
Uttar Pradesh,chickpea,1980,1489600.0,46,860.4992038131041,436.3046462052138,25.10928961748634,1327.8,False
Uttar Pradesh,chickpea,1981,1587200.0,46,669.4806495715726,860.4992038131041,24.496986301369866,859.0,False
Uttar Pradesh,chickpea,1982,1506500.0,46,922.336687686691,669.4806495715726,24.52575342465753,956.3,False
Uttar Pradesh,chickpea,1983,1353500.0,46,869.8183538973033,922.336687686691,24.32630136986301,1312.4,False
Uttar Pradesh,chickpea,1984,1362900.0,46,932.7179110719788,869.8183538973033,24.873224043715847,880.7,False
Uttar Pradesh,chickpea,1985,1533300.0,46,864.4106978412574,932.7179110719788,25.36739726027397,873.0,False
Uttar Pradesh,chickpea,1986,1489700.0,46,826.2073263073102,864.4106978412574,24.85835616438356,763.3,True
Uttar Pradesh,chickpea,1987,1389800.0,46,759.0315498632897,826.2073263073102,26.26027397260274,394.6,True
Uttar Pradesh,chickpea,1988,1321900.0,46,881.2312981314774,759.0315498632897,25.560382513661203,1065.7,False
Uttar Pradesh,chickpea,1989,1302300.0,46,743.2245511786839,881.2312981314774,24.7054794520548,1033.4,False
Uttar Pradesh,chickpea,1990,1273370.0,46,879.4148554622773,743.2245511786839,24.673424657534245,1317.0,False
Uttar Pradesh,chickpea,1991,1103300.0,46,796.9468551617873,879.4148554622773,25.16,815.4,False
Uttar Pradesh,chickpea,1992,1063310.0,46,893.2406233365623,796.9468551617873,25.05163934426229,611.7,True
Uttar Pradesh,chickpea,1993,1011310.0,46,919.0453041105101,893.2406233365623,24.80958904109589,904.6,False
Uttar Pradesh,chickpea,1994,1034800.0,46,914.5728270197139,919.0453041105101,25.238904109589043,751.6,True
Uttar Pradesh,chickpea,1995,1004380.0,46,694.1696022421793,914.5728270197139,25.227123287671237,753.6,True
Uttar Pradesh,chickpea,1996,915240.0,46,929.8980119968533,694.1696022421793,24.410382513661204,1307.4,False
Uttar Pradesh,chickpea,1997,880710.0,46,846.6021437249492,929.8980119968533,24.00191780821918,1203.6,False
Uttar Pradesh,chickpea,1998,885430.0,46,871.868324655817,846.6021437249492,24.76821917808219,1141.9,False
Uttar Pradesh,chickpea,1999,821060.0,46,947.5917974325871,871.868324655817,25.0613698630137,699.0,True
Uttar Pradesh,chickpea,2000,833080.0,46,843.6890208623422,947.5917974325871,24.550819672131148,787.0,False
Uttar Pradesh,chickpea,2001,840720.0,46,971.6428054524692,843.6890208623422,24.529041095890413,1081.4,False
Uttar Pradesh,chickpea,2002,854460.0,46,895.4643827680641,971.6428054524692,25.12410958904109,730.7,True
Uttar Pradesh,chickpea,2003,771700.0,46,1037.0338289490735,895.4643827680641,24.4386301369863,1425.6,False
Uttar Pradesh,chickpea,2004,734810.0,46,914.942674977205,1037.0338289490735,24.802732240437155,851.9,False
Uttar Pradesh,chickpea,2005,663080.0,46,897.1923843276828,914.942674977205,25.118356164383563,823.4,False
Uttar Pradesh,chickpea,2006,654690.0,44,743.9244228566191,897.1923843276828,25.654520547945204,676.8,True
Uttar Pradesh,chickpea,2007,554690.0,44,731.7060826768105,743.9244228566191,25.13287671232877,973.3,False
Uttar Pradesh,chickpea,2008,628980.0,44,1014.0222692295462,731.7060826768105,24.86967213114754,1443.9,False
Uttar Pradesh,chickpea,2009,609500.0,45,827.4479596390483,1014.0222692295462,25.61616438356164,789.3,False
Uttar Pradesh,chickpea,2010,588390.0,45,921.9035474770135,827.4479596390483,25.93123287671233,1027.3,False
Uttar Pradesh,chickpea,2011,600570.0,45,1182.676214762642,921.9035474770135,24.834520547945207,1040.5,False
Uttar Pradesh,chickpea,2012,604000.0,44,1120.1540864238411,1182.676214762642,25.003551912568305,936.1,False
Uttar Pradesh,chickpea,2013,577230.0,42,460.24936870918003,1120.1540864238411,24.396438356164385,1160.1,False
Uttar Pradesh,chickpea,2014,558160.0,38,317.274093808227,460.24936870918003,24.676712328767124,728.9,True
Uttar Pradesh,chickpea,2015,267670.0,41,610.4847749094033,317.274093808227,25.23945205479452,828.5,False
Uttar Pradesh,chickpea,2016,561660.0,42,1115.0187704305097,610.4847749094033,25.513934426229508,1022.3,False
Uttar Pradesh,chickpea,2017,500740.0,45,1155.337060350681,1115.0187704305097,25.29205479452055,936.0,False
Uttar Pradesh,maize,1967,1397700.0,44,765.257143163769,950.6330025634664,25.092876712328767,1245.2,False
Uttar Pradesh,maize,1968,1416900.0,43,875.6444900839862,765.257143163769,24.821584699453556,871.5,False
Uttar Pradesh,maize,1969,1445500.0,43,785.1956098235904,875.6444900839862,25.48328767123288,1010.7,False
Uttar Pradesh,maize,1970,1458500.0,44,1193.5555104559478,785.1956098235904,24.78383561643836,1103.4,False
Uttar Pradesh,maize,1971,1475200.0,43,692.7868892353579,1193.5555104559478,23.87917808219178,1347.9,False
Uttar Pradesh,maize,1972,1440900.0,44,912.7631195780415,692.7868892353579,25.41584699453552,884.3,False
Uttar Pradesh,maize,1973,1445700.0,43,742.7550764335616,912.7631195780415,25.04301369863014,1521.5,False
Uttar Pradesh,maize,1974,1336600.0,43,602.3485388298668,742.7550764335616,25.3454794520548,782.8,False
Uttar Pradesh,maize,1975,1408500.0,43,670.9256293929712,602.3485388298668,24.767123287671232,1197.5,False
Uttar Pradesh,maize,1976,1339200.0,43,781.8839799880526,670.9256293929712,25.22103825136612,929.9,False
Uttar Pradesh,maize,1977,1224100.0,43,728.0445780573483,781.8839799880526,25.06438356164384,759.7,True
Uttar Pradesh,maize,1978,1150600.0,43,639.8391621762559,728.0445780573483,24.53972602739726,998.5,False
Uttar Pradesh,maize,1979,1200800.0,43,748.1677889740173,639.8391621762559,25.83780821917808,636.7,True
Uttar Pradesh,maize,1980,1245400.0,43,689.8990629516621,748.1677889740173,25.10928961748634,1327.8,False
Uttar Pradesh,maize,1981,1170500.0,43,797.265885519009,689.8990629516621,24.496986301369866,859.0,False
Uttar Pradesh,maize,1982,1070300.0,43,745.0259132953378,797.265885519009,24.52575342465753,956.3,False
Uttar Pradesh,maize,1983,1119000.0,43,945.9351715817694,745.0259132953378,24.32630136986301,1312.4,False
Uttar Pradesh,maize,1984,1143500.0,43,1503.4532759073022,945.9351715817694,24.873224043715847,880.7,False
Uttar Pradesh,maize,1985,1226900.0,43,1202.9511834705354,1503.4532759073022,25.36739726027397,873.0,False
Uttar Pradesh,maize,1986,1171400.0,43,1224.0913377155541,1202.9511834705354,24.85835616438356,763.3,True
Uttar Pradesh,maize,1987,1103400.0,43,875.7474361065797,1224.0913377155541,26.26027397260274,394.6,True
Uttar Pradesh,maize,1988,1156400.0,43,1028.4504462123832,875.7474361065797,25.560382513661203,1065.7,False
Uttar Pradesh,maize,1989,1148500.0,43,1373.5311205920766,1028.4504462123832,24.7054794520548,1033.4,False
Uttar Pradesh,maize,1990,1065640.0,46,1318.0416233437184,1373.5311205920766,24.673424657534245,1317.0,False
Uttar Pradesh,maize,1991,1036370.0,45,1086.1969789746904,1318.0416233437184,25.16,815.4,False
Uttar Pradesh,maize,1992,1053610.0,44,1538.3666734370402,1086.1969789746904,25.05163934426229,611.7,True
Uttar Pradesh,maize,1993,1069400.0,43,1217.0372500467552,1538.3666734370402,24.80958904109589,904.6,False
Uttar Pradesh,maize,1994,1049190.0,45,1335.096981004394,1217.0372500467552,25.238904109589043,751.6,True
Uttar Pradesh,maize,1995,1060250.0,45,1381.3166041971233,1335.096981004394,25.227123287671237,753.6,True
Uttar Pradesh,maize,1996,1057610.0,46,1437.1259258138634,1381.3166041971233,24.410382513661204,1307.4,False
Uttar Pradesh,maize,1997,994740.0,45,1569.4651111848323,1437.1259258138634,24.00191780821918,1203.6,False
Uttar Pradesh,maize,1998,973610.0,46,1012.0670902106592,1569.4651111848323,24.76821917808219,1141.9,False
Uttar Pradesh,maize,1999,935720.0,44,1449.0773725045954,1012.0670902106592,25.0613698630137,699.0,True
Uttar Pradesh,maize,2000,922850.0,45,1622.0395125968469,1449.0773725045954,24.550819672131148,787.0,False
Uttar Pradesh,maize,2001,932950.0,46,1628.4354313735998,1622.0395125968469,24.529041095890413,1081.4,False
Uttar Pradesh,maize,2002,781740.0,44,1108.4902100442603,1628.4354313735998,25.12410958904109,730.7,True
Uttar Pradesh,maize,2003,843170.0,46,1367.2332709892432,1108.4902100442603,24.4386301369863,1425.6,False
Uttar Pradesh,maize,2004,801340.0,46,1538.7722837996357,1367.2332709892432,24.802732240437155,851.9,False
Uttar Pradesh,maize,2005,847680.0,46,1301.6583045488862,1538.7722837996357,25.118356164383563,823.4,False
Uttar Pradesh,maize,2006,851460.0,46,1344.0659426162122,1301.6583045488862,25.654520547945204,676.8,True
Uttar Pradesh,maize,2007,843570.0,46,1459.9609850990435,1344.0659426162122,25.13287671232877,973.3,False
Uttar Pradesh,maize,2008,810190.0,46,1538.332353768869,1459.9609850990435,24.86967213114754,1443.9,False
Uttar Pradesh,maize,2009,757000.0,46,1456.4839077939234,1538.332353768869,25.61616438356164,789.3,False
Uttar Pradesh,maize,2010,778120.0,45,1508.353405258829,1456.4839077939234,25.93123287671233,1027.3,False
Uttar Pradesh,maize,2011,757440.0,45,1682.3125191434306,1508.353405258829,24.834520547945207,1040.5,False
Uttar Pradesh,maize,2012,736840.0,46,1859.49222151349,1682.3125191434306,25.003551912568305,936.1,False
Uttar Pradesh,maize,2013,709520.0,46,1869.712248421468,1859.49222151349,24.396438356164385,1160.1,False
Uttar Pradesh,maize,2014,716240.0,45,1787.09652225511,1869.712248421468,24.676712328767124,728.9,True
Uttar Pradesh,maize,2015,703790.0,44,1853.7438339561518,1787.09652225511,25.23945205479452,828.5,False
Uttar Pradesh,maize,2016,807010.0,44,1890.7331342858206,1853.7438339561518,25.513934426229508,1022.3,False
Uttar Pradesh,maize,2017,724980.0,46,2207.4064503848385,1890.7331342858206,25.29205479452055,936.0,False
Uttar Pradesh,rice,1967,4106500.0,46,723.0003867040058,601.9854613156806,25.092876712328767,1245.2,False
Uttar Pradesh,rice,1968,4076000.0,46,639.6222620215898,723.0003867040058,24.821584699453556,871.5,False
Uttar Pradesh,rice,1969,4126500.0,46,748.1404204531685,639.6222620215898,25.48328767123288,1010.7,False
Uttar Pradesh,rice,1970,4151900.0,46,786.5320901274115,748.1404204531685,24.78383561643836,1103.4,False
Uttar Pradesh,rice,1971,4482300.0,46,787.676261963724,786.5320901274115,23.87917808219178,1347.9,False
Uttar Pradesh,rice,1972,4096600.0,46,723.404044085339,787.676261963724,25.41584699453552,884.3,False
Uttar Pradesh,rice,1973,4140300.0,46,853.5615102770331,723.404044085339,25.04301369863014,1521.5,False
Uttar Pradesh,rice,1974,4178300.0,46,757.4847500179499,853.5615102770331,25.3454794520548,782.8,False
Uttar Pradesh,rice,1975,4373600.0,46,915.3781838759832,757.4847500179499,24.767123287671232,1197.5,False
Uttar Pradesh,rice,1976,4437400.0,46,900.4372857979898,915.3781838759832,25.22103825136612,929.9,False
Uttar Pradesh,rice,1977,4562100.0,46,1034.545600491002,900.4372857979898,25.06438356164384,759.7,True
Uttar Pradesh,rice,1978,4834000.0,46,1131.6512418287132,1034.545600491002,24.53972602739726,998.5,False
Uttar Pradesh,rice,1979,4687800.0,46,459.4899229915952,1131.6512418287132,25.83780821917808,636.7,True
Uttar Pradesh,rice,1980,4895200.0,46,1014.7083575747671,459.4899229915952,25.10928961748634,1327.8,False
Uttar Pradesh,rice,1981,5120900.0,46,1069.88989415923,1014.7083575747671,24.496986301369866,859.0,False
Uttar Pradesh,rice,1982,4693900.0,46,1094.1861187924753,1069.88989415923,24.52575342465753,956.3,False
Uttar Pradesh,rice,1983,5092100.0,46,1242.2970318729012,1094.1861187924753,24.32630136986301,1312.4,False
Uttar Pradesh,rice,1984,5245200.0,46,1273.6017883016852,1242.2970318729012,24.873224043715847,880.7,False
Uttar Pradesh,rice,1985,5246400.0,46,1476.67058268527,1273.6017883016852,25.36739726027397,873.0,False
Uttar Pradesh,rice,1986,5048200.0,46,1329.9392500297135,1476.67058268527,24.85835616438356,763.3,True
Uttar Pradesh,rice,1987,4518200.0,46,1337.081253153911,1329.9392500297135,26.26027397260274,394.6,True
Uttar Pradesh,rice,1988,5281800.0,46,1716.7073866863568,1337.081253153911,25.560382513661203,1065.7,False
Uttar Pradesh,rice,1989,5692900.0,46,1718.7017727344587,1716.7073866863568,24.7054794520548,1033.4,False
Uttar Pradesh,rice,1990,5349080.0,46,1817.361771276556,1718.7017727344587,24.673424657534245,1317.0,False
Uttar Pradesh,rice,1991,5160590.0,46,1727.916034445674,1817.361771276556,25.16,815.4,False
Uttar Pradesh,rice,1992,5217500.0,46,1762.4927957067562,1727.916034445674,25.05163934426229,611.7,True
Uttar Pradesh,rice,1993,5107510.0,46,1896.7831205421037,1762.4927957067562,24.80958904109589,904.6,False
Uttar Pradesh,rice,1994,5305840.0,46,1853.1181155293036,1896.7831205421037,25.238904109589043,751.6,True
Uttar Pradesh,rice,1995,5303070.0,46,1856.3099747881888,1853.1181155293036,25.227123287671237,753.6,True
Uttar Pradesh,rice,1996,5300620.0,46,2122.305271421079,1856.3099747881888,24.410382513661204,1307.4,False
Uttar Pradesh,rice,1997,5466150.0,46,2147.201397656486,2122.305271421079,24.00191780821918,1203.6,False
Uttar Pradesh,rice,1998,5600850.0,46,1942.8443558388458,2147.201397656486,24.76821917808219,1141.9,False
Uttar Pradesh,rice,1999,5806890.0,46,2185.364230956674,1942.8443558388458,25.0613698630137,699.0,True
Uttar Pradesh,rice,2000,5930220.0,46,1977.65297177845,2185.364230956674,24.550819672131148,787.0,False
Uttar Pradesh,rice,2001,6092980.0,46,2117.4220448614633,1977.65297177845,24.529041095890413,1081.4,False
Uttar Pradesh,rice,2002,5229710.0,46,1841.504106747793,2117.4220448614633,25.12410958904109,730.7,True
Uttar Pradesh,rice,2003,5743130.0,46,2180.790320417612,1841.504106747793,24.4386301369863,1425.6,False
Uttar Pradesh,rice,2004,5360630.0,46,1790.7524131678554,2180.790320417612,24.802732240437155,851.9,False
Uttar Pradesh,rice,2005,5904470.0,46,1996.3315868824805,1790.7524131678554,25.118356164383563,823.4,False
Uttar Pradesh,rice,2006,5851150.0,46,1869.7473567247464,1996.3315868824805,25.654520547945204,676.8,True
Uttar Pradesh,rice,2007,5790870.0,46,2057.255526285342,1869.7473567247464,25.13287671232877,973.3,False
Uttar Pradesh,rice,2008,6007730.0,46,2177.350061670548,2057.255526285342,24.86967213114754,1443.9,False
Uttar Pradesh,rice,2009,5646790.0,46,2096.7924490905452,2177.350061670548,25.61616438356164,789.3,False
Uttar Pradesh,rice,2010,5831480.0,46,2120.135661701661,2096.7924490905452,25.93123287671233,1027.3,False
Uttar Pradesh,rice,2011,5918080.0,46,2357.121160038391,2120.135661701661,24.834520547945207,1040.5,False
Uttar Pradesh,rice,2012,5374600.0,46,2452.7054406467455,2357.121160038391,25.003551912568305,936.1,False
Uttar Pradesh,rice,2013,5967150.0,46,2444.879870340112,2452.7054406467455,24.396438356164385,1160.1,False
Uttar Pradesh,rice,2014,5885030.0,46,2267.792371678649,2444.879870340112,24.676712328767124,728.9,True
Uttar Pradesh,rice,2015,5876260.0,46,2132.6037256520303,2267.792371678649,25.23945205479452,828.5,False
Uttar Pradesh,rice,2016,6006600.0,46,2414.1490642459958,2132.6037256520303,25.513934426229508,1022.3,False
Uttar Pradesh,rice,2017,5937080.0,46,2619.357005278689,2414.1490642459958,25.29205479452055,936.0,False
Uttarakhand,chickpea,1967,22900.0,2,668.121441048035,469.6108839779005,11.684931506849315,2511.8,False
Uttarakhand,chickpea,1968,17600.0,2,721.595,668.121441048035,11.171311475409835,1897.8,False
Uttarakhand,chickpea,1969,16900.0,2,686.390650887574,721.595,11.793698630136983,2215.3,False
Uttarakhand,chickpea,1970,16000.0,2,599.996375,686.390650887574,11.791232876712328,1862.1,False
Uttarakhand,chickpea,1971,13200.0,2,606.0590909090909,599.996375,11.433698630136988,2539.6,False
Uttarakhand,chickpea,1972,14600.0,2,315.0721232876712,606.0590909090909,11.783060109289618,1888.3,False
Uttarakhand,chickpea,1973,11400.0,2,552.629298245614,315.0721232876712,11.667945205479452,2398.2,False
Uttarakhand,chickpea,1974,11900.0,2,521.0046218487395,552.629298245614,11.695068493150684,1735.2,False
Uttarakhand,chickpea,1975,12400.0,2,766.1251612903226,521.0046218487395,11.406027397260273,2709.2,False
Uttarakhand,chickpea,1976,10700.0,2,925.2318691588785,766.1251612903226,11.507103825136612,2027.0,False
Uttarakhand,chickpea,1977,9300.0,2,537.6338709677419,925.2318691588785,11.696438356164384,2021.4,False
Uttarakhand,chickpea,1978,6600.0,2,575.755909090909,537.6338709677419,11.502739726027396,1985.8,False
Uttarakhand,chickpea,1979,4100.0,3,512.1965853658537,575.755909090909,11.605479452054794,1706.8,True
Uttarakhand,chickpea,1980,4100.0,3,682.9268292682926,512.1965853658537,11.579508196721312,1711.7,True
Uttarakhand,chickpea,1981,3700.0,3,324.32378378378377,682.9268292682926,11.00027397260274,1861.7,False
Uttarakhand,chickpea,1982,3000.0,3,733.3336666666667,324.32378378378377,10.94958904109589,1786.0,False
Uttarakhand,chickpea,1983,1800.0,3,666.6694444444445,733.3336666666667,10.922465753424657,2257.8,False
Uttarakhand,chickpea,1984,1800.0,4,777.7783333333333,666.6694444444445,11.797540983606556,1681.5,True
Uttarakhand,chickpea,1985,1600.0,4,1062.5,777.7783333333333,12.032876712328768,1980.9,False
Uttarakhand,chickpea,1986,2700.0,4,925.9251851851852,1062.5,11.16,1773.5,False
Uttarakhand,chickpea,1987,2400.0,3,708.3325,925.9251851851852,12.41041095890411,1194.2,True
Uttarakhand,chickpea,1988,2700.0,4,1185.1855555555555,708.3325,12.26393442622951,2680.5,False
Uttarakhand,chickpea,1989,1800.0,4,777.78,1185.1855555555555,11.345205479452057,1910.2,False
Uttarakhand,chickpea,1990,1910.0,7,910.9910471204189,777.78,11.636164383561644,2209.6,False
Uttarakhand,chickpea,1991,1770.0,7,988.6974576271186,910.9910471204189,11.387945205479452,1532.6,True
Uttarakhand,chickpea,1992,1570.0,7,783.4422292993631,988.6974576271186,11.51448087431694,1741.5,False
Uttarakhand,chickpea,1993,1570.0,7,955.4136942675158,783.4422292993631,11.704657534246577,2093.3,False
Uttarakhand,chickpea,1994,1770.0,6,932.2066666666667,955.4136942675158,11.639178082191782,2119.9,False
Uttarakhand,chickpea,1995,1570.0,6,713.3733757961783,932.2066666666667,11.454520547945204,2157.5,False
Uttarakhand,chickpea,1996,1410.0,6,964.5412765957446,713.3733757961783,11.617486338797814,2122.7,False
Uttarakhand,chickpea,1997,1150.0,6,860.8694782608696,964.5412765957446,10.358356164383562,1989.6,False
Uttarakhand,chickpea,1998,1070.0,6,878.5028971962618,860.8694782608696,11.935616438356163,1811.9,False
Uttarakhand,chickpea,1999,990.0,7,979.7989898989899,878.5028971962618,12.301095890410958,1910.9,False
Uttarakhand,chickpea,2000,900.0,5,677.7814444444444,979.7989898989899,11.456010928961748,1940.8,False
Uttarakhand,chickpea,2001,1190.0,7,689.0751260504201,677.7814444444444,11.83917808219178,1575.7,True
Uttarakhand,chickpea,2002,880.0,6,579.5475,689.0751260504201,11.664657534246576,1770.6,False
Uttarakhand,chickpea,2005,2300.0,6,660.8695217391304,744.4447777777779,11.422465753424657,1847.6,False
Uttarakhand,chickpea,2006,760.0,5,684.2086842105263,660.8695217391304,12.252876712328767,1721.1,False
Uttarakhand,chickpea,2007,740.0,5,702.7013513513514,684.2086842105263,12.113150684931508,1841.4,False
Uttarakhand,chickpea,2008,570.0,3,350.87631578947367,702.7013513513514,11.912021857923497,2062.0,False
Uttarakhand,chickpea,2009,640.0,5,687.50078125,350.87631578947367,12.666301369863014,1548.6,True
Uttarakhand,chickpea,2010,740.0,6,756.7586486486487,687.50078125,12.843013698630136,2439.9,False
Uttarakhand,chickpea,2011,730.0,6,794.5208219178081,756.7586486486487,11.844109589041096,1812.0,False
Uttarakhand,chickpea,2012,590.0,5,864.411186440678,794.5208219178081,11.50136612021858,1566.5,True
Uttarakhand,chickpea,2013,560.0,6,875.0026785714285,864.411186440678,11.81972602739726,2383.4,False
Uttarakhand,chickpea,2014,580.0,4,862.0665517241379,875.0026785714285,11.616164383561642,1652.5,True
Uttarakhand,chickpea,2015,640.0,5,828.125625,862.0665517241379,11.83808219178082,1623.1,True
Uttarakhand,chickpea,2016,740.0,6,806.2367567567567,828.125625,12.704098360655736,1867.1,False
Uttarakhand,chickpea,2017,510.0,5,836.5927450980392,806.2367567567567,11.973972602739726,1809.2,False
Uttarakhand,maize,1967,48400.0,2,878.1011570247933,1303.4491954022988,11.684931506849315,2511.8,False
Uttarakhand,maize,1968,26600.0,2,966.1652631578947,878.1011570247933,11.171311475409835,1897.8,False
Uttarakhand,maize,1969,36500.0,2,1060.2710136986302,966.1652631578947,11.793698630136983,2215.3,False
Uttarakhand,maize,1970,39100.0,2,1207.159514066496,1060.2710136986302,11.791232876712328,1862.1,False
Uttarakhand,maize,1971,36300.0,2,1123.9643526170798,1207.159514066496,11.433698630136988,2539.6,False
Uttarakhand,maize,1972,36600.0,2,1071.037650273224,1123.9643526170798,11.783060109289618,1888.3,False
Uttarakhand,maize,1973,26900.0,2,851.299814126394,1071.037650273224,11.667945205479452,2398.2,False
Uttarakhand,maize,1974,29400.0,2,1122.4457142857143,851.299814126394,11.695068493150684,1735.2,False
Uttarakhand,maize,1975,28500.0,2,1017.5463157894737,1122.4457142857143,11.406027397260273,2709.2,False
Uttarakhand,maize,1976,26300.0,2,1235.7447148288973,1017.5463157894737,11.507103825136612,2027.0,False
Uttarakhand,maize,1977,28500.0,2,1308.7741754385966,1235.7447148288973,11.696438356164384,2021.4,False
Uttarakhand,maize,1978,24000.0,2,862.4979166666667,1308.7741754385966,11.502739726027396,1985.8,False
Uttarakhand,maize,1979,38900.0,8,1077.1216709511568,862.4979166666667,11.605479452054794,1706.8,True
Uttarakhand,maize,1980,37900.0,8,1343.0077044854881,1077.1216709511568,11.579508196721312,1711.7,True
Uttarakhand,maize,1981,40900.0,8,1246.9450855745722,1343.0077044854881,11.00027397260274,1861.7,False
Uttarakhand,maize,1982,42300.0,8,1243.4995271867613,1246.9450855745722,10.94958904109589,1786.0,False
Uttarakhand,maize,1983,44400.0,8,1391.8911936936936,1243.4995271867613,10.922465753424657,2257.8,False
Uttarakhand,maize,1984,37200.0,8,1432.7967473118279,1391.8911936936936,11.797540983606556,1681.5,True
Uttarakhand,maize,1985,34900.0,8,1318.0514040114613,1432.7967473118279,12.032876712328768,1980.9,False
Uttarakhand,maize,1986,34900.0,8,1349.570257879656,1318.0514040114613,11.16,1773.5,False
Uttarakhand,maize,1987,32200.0,8,953.4149378881988,1349.570257879656,12.41041095890411,1194.2,True
Uttarakhand,maize,1988,31700.0,8,1141.954164037855,953.4149378881988,12.26393442622951,2680.5,False
Uttarakhand,maize,1989,34300.0,8,1364.4306997084548,1141.954164037855,11.345205479452057,1910.2,False
Uttarakhand,maize,1990,29890.0,8,1369.3562830378055,1364.4306997084548,11.636164383561644,2209.6,False
Uttarakhand,maize,1991,34280.0,8,1392.648824387398,1369.3562830378055,11.387945205479452,1532.6,True
Uttarakhand,maize,1992,29160.0,8,1357.6816015089164,1392.648824387398,11.51448087431694,1741.5,False
Uttarakhand,maize,1993,31840.0,8,1254.0833040201005,1357.6816015089164,11.704657534246577,2093.3,False
Uttarakhand,maize,1994,31690.0,8,1194.6991606184915,1254.0833040201005,11.639178082191782,2119.9,False
Uttarakhand,maize,1995,29670.0,8,1109.8753286147623,1194.6991606184915,11.454520547945204,2157.5,False
Uttarakhand,maize,1996,30980.0,8,1242.4132311168496,1109.8753286147623,11.617486338797814,2122.7,False
Uttarakhand,maize,1997,33270.0,8,1612.2618485121732,1242.4132311168496,10.358356164383562,1989.6,False
Uttarakhand,maize,1998,32760.0,8,1167.8895115995117,1612.2618485121732,11.935616438356163,1811.9,False
Uttarakhand,maize,1999,31470.0,8,1322.2122847156022,1167.8895115995117,12.301095890410958,1910.9,False
Uttarakhand,maize,2000,31500.0,8,1442.2231238095237,1322.2122847156022,11.456010928961748,1940.8,False
Uttarakhand,maize,2001,31180.0,8,1219.693191148172,1442.2231238095237,11.83917808219178,1575.7,True
Uttarakhand,maize,2002,27330.0,8,1097.69432125869,1219.693191148172,11.664657534246576,1770.6,False
Uttarakhand,maize,2003,31320.0,8,1124.2022988505746,1097.69432125869,11.691506849315068,1871.9,False
Uttarakhand,maize,2004,28140.0,8,1520.257725657427,1124.2022988505746,12.17513661202186,1372.7,True
Uttarakhand,maize,2005,26940.0,8,1474.7593615441724,1520.257725657427,11.422465753424657,1847.6,False
Uttarakhand,maize,2006,28200.0,8,1248.2274432624113,1474.7593615441724,12.252876712328767,1721.1,False
Uttarakhand,maize,2007,28420.0,8,1474.3143560872625,1248.2274432624113,12.113150684931508,1841.4,False
Uttarakhand,maize,2008,31270.0,8,1275.9832171410299,1474.3143560872625,11.912021857923497,2062.0,False
Uttarakhand,maize,2009,26240.0,8,1395.9616310975612,1275.9832171410299,12.666301369863014,1548.6,True
Uttarakhand,maize,2010,25400.0,8,1537.794724409449,1395.9616310975612,12.843013698630136,2439.9,False
Uttarakhand,maize,2011,24750.0,8,1504.6437535353534,1537.794724409449,11.844109589041096,1812.0,False
Uttarakhand,maize,2012,25370.0,8,1476.9408947575878,1504.6437535353534,11.50136612021858,1566.5,True
Uttarakhand,maize,2013,23040.0,8,1422.3122916666669,1476.9408947575878,11.81972602739726,2383.4,False
Uttarakhand,maize,2014,23320.0,8,2080.6168053173246,1422.3122916666669,11.616164383561642,1652.5,True
Uttarakhand,maize,2015,21660.0,8,1730.3787996306557,2080.6168053173246,11.83808219178082,1623.1,True
Uttarakhand,maize,2016,21260.0,8,1676.0074082784572,1730.3787996306557,12.704098360655736,1867.1,False
Uttarakhand,maize,2017,20270.0,8,2037.301095214603,1676.0074082784572,11.973972602739726,1809.2,False
Uttarakhand,rice,1967,76300.0,2,965.9248623853211,854.8153595658073,11.684931506849315,2511.8,False
Uttarakhand,rice,1968,64200.0,2,981.308753894081,965.9248623853211,11.171311475409835,1897.8,False
Uttarakhand,rice,1969,86200.0,2,1131.0945823665893,981.308753894081,11.793698630136983,2215.3,False
Uttarakhand,rice,1970,86100.0,2,1498.2582578397212,1131.0945823665893,11.791232876712328,1862.1,False
Uttarakhand,rice,1971,92400.0,2,1278.135,1498.2582578397212,11.433698630136988,2539.6,False
Uttarakhand,rice,1972,102400.0,2,1491.21052734375,1278.135,11.783060109289618,1888.3,False
Uttarakhand,rice,1973,108900.0,2,1618.9200550964188,1491.21052734375,11.667945205479452,2398.2,False
Uttarakhand,rice,1974,103200.0,2,1440.8934205426356,1618.9200550964188,11.695068493150684,1735.2,False
Uttarakhand,rice,1975,106400.0,2,1760.335507518797,1440.8934205426356,11.406027397260273,2709.2,False
Uttarakhand,rice,1976,106600.0,2,2012.198405253283,1760.335507518797,11.507103825136612,2027.0,False
Uttarakhand,rice,1977,120900.0,2,2743.5916377171216,2012.198405253283,11.696438356164384,2021.4,False
Uttarakhand,rice,1978,114300.0,2,2180.223149606299,2743.5916377171216,11.502739726027396,1985.8,False
Uttarakhand,rice,1979,251600.0,8,1237.2816573926868,2180.223149606299,11.605479452054794,1706.8,True
Uttarakhand,rice,1980,273900.0,8,1715.5890653523184,1237.2816573926868,11.579508196721312,1711.7,True
Uttarakhand,rice,1981,265800.0,8,1566.5905718585402,1715.5890653523184,11.00027397260274,1861.7,False
Uttarakhand,rice,1982,260100.0,8,1500.5769934640523,1566.5905718585402,10.94958904109589,1786.0,False
Uttarakhand,rice,1983,279400.0,8,1655.689949892627,1500.5769934640523,10.922465753424657,2257.8,False
Uttarakhand,rice,1984,287700.0,8,1722.9772853667014,1655.689949892627,11.797540983606556,1681.5,True
Uttarakhand,rice,1985,261300.0,8,1705.7012705702257,1722.9772853667014,12.032876712328768,1980.9,False
Uttarakhand,rice,1986,281400.0,8,1925.01934257285,1705.7012705702257,11.16,1773.5,False
Uttarakhand,rice,1987,260900.0,8,1687.6194518972786,1925.01934257285,12.41041095890411,1194.2,True
Uttarakhand,rice,1988,283900.0,8,1949.9828672067629,1687.6194518972786,12.26393442622951,2680.5,False
Uttarakhand,rice,1989,282600.0,8,1884.6413623496107,1949.9828672067629,11.345205479452057,1910.2,False
Uttarakhand,rice,1990,267650.0,8,2014.31226527181,1884.6413623496107,11.636164383561644,2209.6,False
Uttarakhand,rice,1991,252290.0,8,1959.9261159776447,2014.31226527181,11.387945205479452,1532.6,True
Uttarakhand,rice,1992,259440.0,8,1979.0708152173913,1959.9261159776447,11.51448087431694,1741.5,False
Uttarakhand,rice,1993,260650.0,8,2003.6834866679453,1979.0708152173913,11.704657534246577,2093.3,False
Uttarakhand,rice,1994,280470.0,8,1965.4502659821017,2003.6834866679453,11.639178082191782,2119.9,False
Uttarakhand,rice,1995,261430.0,8,1984.2038385036146,1965.4502659821017,11.454520547945204,2157.5,False
Uttarakhand,rice,1996,259700.0,8,1932.113580670004,1984.2038385036146,11.617486338797814,2122.7,False
Uttarakhand,rice,1997,267020.0,8,2038.1986398022618,1932.113580670004,10.358356164383562,1989.6,False
Uttarakhand,rice,1998,279980.0,8,1804.4501157225518,2038.1986398022618,11.935616438356163,1811.9,False
Uttarakhand,rice,1999,279010.0,8,1995.087768897172,1804.4501157225518,12.301095890410958,1910.9,False
Uttarakhand,rice,2000,265560.0,8,2033.439935607772,1995.087768897172,11.456010928961748,1940.8,False
Uttarakhand,rice,2001,262970.0,8,2030.573513708788,2033.439935607772,11.83917808219178,1575.7,True
Uttarakhand,rice,2002,259110.0,8,1887.4632723553702,2030.573513708788,11.664657534246576,1770.6,False
Uttarakhand,rice,2003,253610.0,8,1733.131885178029,1887.4632723553702,11.691506849315068,1871.9,False
Uttarakhand,rice,2004,269200.0,8,1894.133176077266,1733.131885178029,12.17513661202186,1372.7,True
Uttarakhand,rice,2005,278570.0,8,1810.3886893778943,1894.133176077266,11.422465753424657,1847.6,False
Uttarakhand,rice,2006,271920.0,8,1894.8600606796117,1810.3886893778943,12.252876712328767,1721.1,False
Uttarakhand,rice,2007,263040.0,8,1980.0401075881996,1894.8600606796117,12.113150684931508,1841.4,False
Uttarakhand,rice,2008,279820.0,8,1956.1150943463656,1980.0401075881996,11.912021857923497,2062.0,False
Uttarakhand,rice,2009,273390.0,8,2075.2424653425505,1956.1150943463656,12.666301369863014,1548.6,True
Uttarakhand,rice,2010,267460.0,8,1930.3065781799146,2075.2424653425505,12.843013698630136,2439.9,False
Uttarakhand,rice,2011,259580.0,8,2153.9431080976965,1930.3065781799146,11.844109589041096,1812.0,False
Uttarakhand,rice,2012,255670.0,8,2253.7260499863105,2153.9431080976965,11.50136612021858,1566.5,True
Uttarakhand,rice,2013,247610.0,8,2301.3176838576796,2253.7260499863105,11.81972602739726,2383.4,False
Uttarakhand,rice,2014,247060.0,8,2314.7042066704444,2301.3176838576796,11.616164383561642,1652.5,True
Uttarakhand,rice,2015,250960.0,8,2436.0039799171186,2314.7042066704444,11.83808219178082,1623.1,True
Uttarakhand,rice,2016,251310.0,8,2418.644772989535,2436.0039799171186,12.704098360655736,1867.1,False
Uttarakhand,rice,2017,247040.0,8,2558.735733484456,2418.644772989535,11.973972602739726,1809.2,False
West Bengal,chickpea,1967,123610.0,13,617.2640312272471,693.935979727506,,,False
West Bengal,chickpea,1968,125700.0,13,779.3156642800318,617.2640312272471,,,False
West Bengal,chickpea,1969,124900.0,13,697.2782706164932,779.3156642800318,,,False
West Bengal,chickpea,1970,119100.0,12,698.7397229219143,697.2782706164932,,,False
West Bengal,chickpea,1971,104700.0,12,672.4921585482331,698.7397229219143,,,False
West Bengal,chickpea,1972,85400.0,12,545.6665573770492,672.4921585482331,,,False
West Bengal,chickpea,1973,74200.0,11,592.9938274932615,545.6665573770492,,,False
West Bengal,chickpea,1974,59000.0,12,696.1014237288135,592.9938274932615,,,False
West Bengal,chickpea,1975,79400.0,12,794.3318891687658,696.1014237288135,,,False
West Bengal,chickpea,1976,78200.0,12,617.5177749360614,794.3318891687658,,,False
West Bengal,chickpea,1977,63100.0,11,937.5615055467512,617.5177749360614,,,False
West Bengal,chickpea,1978,75000.0,10,626.4005066666666,937.5615055467512,,,False
West Bengal,chickpea,1979,84300.0,12,656.109822064057,626.4005066666666,,,False
West Bengal,chickpea,1980,76400.0,11,671.2030628272252,656.109822064057,,,False
West Bengal,chickpea,1981,54650.0,12,675.2068545288198,671.2030628272252,,,False
West Bengal,chickpea,1982,62790.0,12,694.3800127408823,675.2068545288198,,,False
West Bengal,chickpea,1983,52070.0,13,897.4465661609371,694.3800127408823,,,False
West Bengal,chickpea,1984,53020.0,11,808.1858789136174,897.4465661609371,,,False
West Bengal,chickpea,1985,58660.0,12,849.6408233890215,808.1858789136174,,,False
West Bengal,chickpea,1986,60100.0,13,685.5222828618969,849.6408233890215,,,False
West Bengal,chickpea,1987,65910.0,11,614.6248900015172,685.5222828618969,,,False
West Bengal,chickpea,1988,31080.0,11,869.0488159588159,614.6248900015172,,,False
West Bengal,chickpea,1989,30920.0,11,578.2662095730918,869.0488159588159,,,False
West Bengal,chickpea,1990,25980.0,9,564.6680484988452,578.2662095730918,,,False
West Bengal,chickpea,1991,16810.0,11,953.5972813801309,564.6680484988452,,,False
West Bengal,chickpea,1992,19420.0,8,918.1266323377962,953.5972813801309,,,False
West Bengal,chickpea,1993,18050.0,10,762.8820110803324,918.1266323377962,,,False
West Bengal,chickpea,1994,23610.0,9,879.7135366370183,762.8820110803324,,,False
West Bengal,chickpea,1995,30310.0,9,1113.4944869679973,879.7135366370183,,,False
West Bengal,chickpea,1996,29020.0,10,862.852450034459,1113.4944869679973,,,False
West Bengal,chickpea,1997,25490.0,10,666.5346174970576,862.852450034459,,,False
West Bengal,chickpea,1998,23300.0,12,814.1635879828325,666.5346174970576,,,False
West Bengal,chickpea,1999,26620.0,10,824.9443125469572,814.1635879828325,,,False
West Bengal,chickpea,2000,54700.0,11,917.1835978062159,824.9443125469572,,,False
West Bengal,chickpea,2001,50830.0,10,850.6796773558922,917.1835978062159,,,False
West Bengal,chickpea,2002,47530.0,10,780.1386261308647,850.6796773558922,,,False
West Bengal,chickpea,2003,46500.0,12,1025.376040860215,780.1386261308647,,,False
West Bengal,chickpea,2004,20700.0,7,879.2240579710145,1025.376040860215,,,False
West Bengal,chickpea,2005,40050.0,13,910.6112609238452,879.2240579710145,,,False
West Bengal,chickpea,2006,31210.0,12,768.6628933034283,910.6112609238452,,,False
West Bengal,chickpea,2007,25100.0,8,972.1081673306775,768.6628933034283,,,False
West Bengal,chickpea,2008,21710.0,11,1038.6902349147858,972.1081673306775,,,False
West Bengal,chickpea,2009,21780.0,11,1109.2754958677685,1038.6902349147858,,,False
West Bengal,chickpea,2010,22140.0,10,1069.1068157181573,1109.2754958677685,,,False
West Bengal,chickpea,2011,23270.0,10,1048.9900128921358,1069.1068157181573,,,False
West Bengal,chickpea,2012,25140.0,10,1175.814693715195,1048.9900128921358,,,False
West Bengal,chickpea,2013,24920.0,10,1174.9611075441412,1175.814693715195,,,False
West Bengal,chickpea,2014,26200.0,12,1177.8626679389313,1174.9611075441412,,,False
West Bengal,chickpea,2015,30800.0,12,797.7289772727273,1177.8626679389313,,,False
West Bengal,chickpea,2016,28130.0,13,1013.3052897262709,797.7289772727273,,,False
West Bengal,chickpea,2017,29190.0,14,1433.2366358341899,1013.3052897262709,,,False
West Bengal,maize,1967,51300.0,13,840.3515789473685,843.9756025369979,,,False
West Bengal,maize,1968,45200.0,12,859.0713495575221,840.3515789473685,,,False
West Bengal,maize,1969,50200.0,13,912.5504980079681,859.0713495575221,,,False
West Bengal,maize,1970,50900.0,12,936.346090373281,912.5504980079681,,,False
West Bengal,maize,1971,44900.0,13,826.503986636971,936.346090373281,,,False
West Bengal,maize,1972,46800.0,13,836.965641025641,826.503986636971,,,False
West Bengal,maize,1973,43200.0,11,1030.3222222222223,836.965641025641,,,False
West Bengal,maize,1974,46400.0,12,1065.0865948275862,1030.3222222222223,,,False
West Bengal,maize,1975,52800.0,12,1137.309412878788,1065.0865948275862,,,False
West Bengal,maize,1976,46700.0,12,1193.3611563169165,1137.309412878788,,,False
West Bengal,maize,1977,39200.0,11,1300.2528316326532,1193.3611563169165,,,False
West Bengal,maize,1978,46700.0,11,1213.7041541755889,1300.2528316326532,,,False
West Bengal,maize,1979,46700.0,12,1197.428886509636,1213.7041541755889,,,False
West Bengal,maize,1980,52500.0,12,1061.7152952380952,1197.428886509636,,,False
West Bengal,maize,1981,51200.0,13,1159.5718828125,1061.7152952380952,,,False
West Bengal,maize,1982,51200.0,13,1159.5718828125,1159.5718828125,,,False
West Bengal,maize,1983,60740.0,13,1313.7989018768521,1159.5718828125,,,False
West Bengal,maize,1984,57400.0,13,1638.8480888501742,1313.7989018768521,,,False
West Bengal,maize,1985,56300.0,13,1836.5896127886322,1638.8480888501742,,,False
West Bengal,maize,1986,55000.0,13,1467.2706290909089,1836.5896127886322,,,False
West Bengal,maize,1987,50510.0,11,2011.0854246683828,1467.2706290909089,,,False
West Bengal,maize,1988,50950.0,14,1822.17881844946,2011.0854246683828,,,False
West Bengal,maize,1989,56020.0,11,2088.899705462335,1822.17881844946,,,False
West Bengal,maize,1990,64580.0,11,1263.2381015794363,2088.899705462335,,,False
West Bengal,maize,1991,47830.0,11,3003.5532490068995,1263.2381015794363,,,False
West Bengal,maize,1992,53180.0,11,2532.5322621286195,3003.5532490068995,,,False
West Bengal,maize,1993,52030.0,12,3164.5198789160095,2532.5322621286195,,,False
West Bengal,maize,1994,44160.0,11,3239.808057065218,3164.5198789160095,,,False
West Bengal,maize,1995,44930.0,9,2383.264333407523,3239.808057065218,,,False
West Bengal,maize,1996,34450.0,12,2422.642023222061,2383.264333407523,,,False
West Bengal,maize,1997,43470.0,13,2999.5391350356567,2422.642023222061,,,False
West Bengal,maize,1998,38530.0,12,3144.3015909680767,2999.5391350356567,,,False
West Bengal,maize,1999,35120.0,11,1983.771435079727,3144.3015909680767,,,False
West Bengal,maize,2000,35260.0,11,2502.8371213840046,1983.771435079727,,,False
West Bengal,maize,2001,33290.0,13,2595.9733583658754,2502.8371213840046,,,False
West Bengal,maize,2002,27750.0,13,1992.7907963963964,2595.9733583658754,,,False
West Bengal,maize,2003,55530.0,15,2270.1236790923826,1992.7907963963964,,,False
West Bengal,maize,2004,64650.0,15,2947.566109822119,2270.1236790923826,,,False
West Bengal,maize,2005,71760.0,15,2887.9573272017838,2947.566109822119,,,False
West Bengal,maize,2006,85460.0,15,2966.5335361572666,2887.9573272017838,,,False
West Bengal,maize,2007,77100.0,15,3171.205447470817,2966.5335361572666,,,False
West Bengal,maize,2008,90800.0,15,3782.3801156387667,3171.205447470817,,,False
West Bengal,maize,2009,97710.0,15,3942.688192610787,3782.3801156387667,,,False
West Bengal,maize,2010,88670.0,15,3973.496382090899,3942.688192610787,,,False
West Bengal,maize,2011,97860.0,15,3721.030167586348,3973.496382090899,,,False
West Bengal,maize,2012,123040.0,15,3750.325537223667,3721.030167586348,,,False
West Bengal,maize,2013,143890.0,15,4312.1852199596915,3750.325537223667,,,False
West Bengal,maize,2014,151820.0,15,4280.594298511396,4312.1852199596915,,,False
West Bengal,maize,2015,153120.0,15,4326.277981974922,4280.594298511396,,,False
West Bengal,maize,2016,151350.0,15,4811.533661711265,4326.277981974922,,,False
West Bengal,maize,2017,222130.0,15,6216.421066042408,4811.533661711265,,,False
West Bengal,rice,1967,4716920.0,15,1031.5557746580394,1037.186465272532,,,False
West Bengal,rice,1968,4837000.0,15,1129.1077153194128,1031.5557746580394,,,False
West Bengal,rice,1969,4997000.0,15,1073.208352811687,1129.1077153194128,,,False
West Bengal,rice,1970,4875300.0,15,1068.4629460751132,1073.208352811687,,,False
West Bengal,rice,1971,4886300.0,15,1016.1268250005116,1068.4629460751132,,,False
West Bengal,rice,1972,4951700.0,15,1072.3647361512208,1016.1268250005116,,,False
West Bengal,rice,1973,5091600.0,15,1071.6106249508996,1072.3647361512208,,,False
West Bengal,rice,1974,5325500.0,15,1168.5918458360718,1071.6106249508996,,,False
West Bengal,rice,1975,5358200.0,15,1207.823537008697,1168.5918458360718,,,False
West Bengal,rice,1976,5138000.0,15,1091.4701015959517,1207.823537008697,,,False
West Bengal,rice,1977,5380600.0,15,1343.7321163067315,1091.4701015959517,,,False
West Bengal,rice,1978,4992800.0,15,1198.9052635795545,1343.7321163067315,,,False
West Bengal,rice,1979,4872400.0,15,1184.8389684754945,1198.9052635795545,,,False
West Bengal,rice,1980,5178100.0,15,1440.9857156099727,1184.8389684754945,,,False
West Bengal,rice,1981,5210010.0,15,1119.5000829556948,1440.9857156099727,,,False
West Bengal,rice,1982,4861500.0,15,1018.0077399979431,1119.5000829556948,,,False
West Bengal,rice,1983,5372640.0,15,1467.1917868310552,1018.0077399979431,,,False
West Bengal,rice,1984,5233490.0,15,1546.293598420939,1467.1917868310552,,,False
West Bengal,rice,1985,5078740.0,15,1573.4051760476025,1546.293598420939,,,False
West Bengal,rice,1986,5375930.0,15,1574.2433225135,1573.4051760476025,,,False
West Bengal,rice,1987,5475540.0,15,1693.30063391008,1574.2433225135,,,False
West Bengal,rice,1988,5621970.0,15,1878.3144711729162,1693.30063391008,,,False
West Bengal,rice,1989,5614350.0,15,1945.6517431225343,1878.3144711729162,,,False
West Bengal,rice,1990,5335080.0,14,1812.1574856984337,1945.6517431225343,,,False
West Bengal,rice,1991,5256180.0,14,2131.433248594987,1812.1574856984337,,,False
West Bengal,rice,1992,5221130.0,14,2037.955425109124,2131.433248594987,,,False
West Bengal,rice,1993,5408740.0,14,2080.4086755510525,2037.955425109124,,,False
West Bengal,rice,1994,5306960.0,14,2145.82715656421,2080.4086755510525,,,False
West Bengal,rice,1995,5467140.0,14,2027.0201005278811,2145.82715656421,,,False
West Bengal,rice,1996,5800570.0,15,2178.5406245765503,2027.0201005278811,,,False
West Bengal,rice,1997,5900280.0,15,2243.383574406638,2178.5406245765503,,,False
West Bengal,rice,1998,5904100.0,15,2255.457655798513,2243.383574406638,,,False
West Bengal,rice,1999,6150460.0,15,2227.4223259235896,2255.457655798513,,,False
West Bengal,rice,2000,5435340.0,15,2286.5271720996298,2227.4223259235896,,,False
West Bengal,rice,2001,6069090.0,15,2513.8320089667477,2286.5271720996298,,,False
West Bengal,rice,2002,5842090.0,15,2463.028843975358,2513.8320089667477,,,False
West Bengal,rice,2003,5856630.0,15,2503.527866486358,2463.028843975358,,,False
West Bengal,rice,2004,5783620.0,15,2573.6301708964284,2503.527866486358,,,False
West Bengal,rice,2005,5782940.0,15,2509.2445514392334,2573.6301708964284,,,False
West Bengal,rice,2006,5687230.0,15,2592.810019587743,2509.2445514392334,,,False
West Bengal,rice,2007,5719800.0,15,2573.4294917654465,2592.810019587743,,,False
West Bengal,rice,2008,5935700.0,15,2533.366813181259,2573.4294917654465,,,False
West Bengal,rice,2009,5630100.0,15,2547.130887017993,2533.366813181259,,,False
West Bengal,rice,2010,4944150.0,15,2708.1749575154477,2547.130887017993,,,False
West Bengal,rice,2011,5433700.0,15,2688.825488967002,2708.1749575154477,,,False
West Bengal,rice,2012,5444340.0,15,2745.372723195098,2688.825488967002,,,False
West Bengal,rice,2013,5513700.0,15,2788.8503498195405,2745.372723195098,,,False
West Bengal,rice,2014,5526520.0,15,2881.957630027576,2788.8503498195405,,,False
West Bengal,rice,2015,5523960.0,15,2887.106951064092,2881.957630027576,,,False
West Bengal,rice,2016,5212010.0,15,2898.358797373758,2887.106951064092,,,False
West Bengal,rice,2017,5307690.0,15,2950.2254532386028,2898.358797373758,,,False
